,Wk,Day,Date,Time,Home,xG,Score,xG.1,Away,Attendance,Venue,Referee,Season,Home_Score,Away_Score
0,1,Fri,2022-08-05,20:00,Crystal Palace,1.2,0–2,1.0,Arsenal,25286.0,Selhurst Park,Anthony Taylor,2223,0,2
1,1,Sat,2022-08-06,12:30,Fulham,1.2,2–2,1.2,Liverpool,22207.0,Craven Cottage,Andy Madley,2223,2,2
2,1,Sat,2022-08-06,15:00,Tottenham,1.5,4–1,0.5,Southampton,61732.0,Tottenham Hotspur Stadium,Andre Marriner,2223,4,1
3,1,Sat,2022-08-06,15:00,Newcastle Utd,1.7,2–0,0.3,Nott'ham Forest,52245.0,St James' Park,Simon Hooper,2223,2,0
4,1,Sat,2022-08-06,15:00,Leeds United,0.8,2–1,1.3,Wolves,36347.0,Elland Road,Robert Jones,2223,2,1
5,1,Sat,2022-08-06,15:00,Bournemouth,0.6,2–0,0.7,Aston Villa,11013.0,Vitality Stadium,Peter Bankes,2223,2,0
6,1,Sat,2022-08-06,17:30,Everton,0.7,0–1,1.5,Chelsea,39254.0,Goodison Park,Craig Pawson,2223,0,1
7,1,Sun,2022-08-07,14:00,Leicester City,0.6,2–2,0.8,Brentford,31794.0,King Power Stadium,Jarred Gillett,2223,2,2
8,1,Sun,2022-08-07,14:00,Manchester Utd,1.4,1–2,1.5,Brighton,73711.0,Old Trafford,Paul Tierney,2223,1,2
9,1,Sun,2022-08-07,16:30,West Ham,0.5,0–2,2.2,Manchester City,62443.0,London Stadium,Michael Oliver,2223,0,2
11,2,Sat,2022-08-13,12:30,Aston Villa,2.3,2–1,1.6,Everton,41883.0,Villa Park,Michael Oliver,2223,2,1
12,2,Sat,2022-08-13,15:00,Manchester City,1.7,4–0,0.1,Bournemouth,53453.0,Etihad Stadium,David Coote,2223,4,0
13,2,Sat,2022-08-13,15:00,Southampton,1.2,2–2,1.8,Leeds United,30815.0,St. Mary's Stadium,Tony Harrington,2223,2,2
14,2,Sat,2022-08-13,15:00,Wolves,0.9,0–0,1.5,Fulham,31178.0,Molineux Stadium,John Brooks,2223,0,0
15,2,Sat,2022-08-13,15:00,Arsenal,2.7,4–2,0.5,Leicester City,60033.0,Emirates Stadium,Darren England,2223,4,2
16,2,Sat,2022-08-13,15:00,Brighton,1.5,0–0,0.2,Newcastle Utd,31552.0,The American Express Community Stadium,Graham Scott,2223,0,0
17,2,Sat,2022-08-13,17:30,Brentford,1.6,4–0,0.9,Manchester Utd,17051.0,Brentford Community Stadium,Stuart Attwell,2223,4,0
18,2,Sun,2022-08-14,14:00,Nott'ham Forest,1.3,1–0,2.1,West Ham,29281.0,The City Ground,Robert Jones,2223,1,0
19,2,Sun,2022-08-14,16:30,Chelsea,1.6,2–2,1.0,Tottenham,39946.0,Stamford Bridge,Anthony Taylor,2223,2,2
20,2,Mon,2022-08-15,20:00,Liverpool,2.0,1–1,1.0,Crystal Palace,52970.0,Anfield,Paul Tierney,2223,1,1
22,3,Sat,2022-08-20,12:30,Tottenham,1.7,1–0,0.7,Wolves,61298.0,Tottenham Hotspur Stadium,Simon Hooper,2223,1,0
23,3,Sat,2022-08-20,15:00,Leicester City,0.3,1–2,0.9,Southampton,30850.0,King Power Stadium,Michael Salisbury,2223,1,2
24,3,Sat,2022-08-20,15:00,Everton,1.5,1–1,1.0,Nott'ham Forest,39271.0,Goodison Park,Andre Marriner,2223,1,1
25,3,Sat,2022-08-20,15:00,Crystal Palace,2.6,3–1,0.9,Aston Villa,22012.0,Selhurst Park,Andy Madley,2223,3,1
26,3,Sat,2022-08-20,15:00,Fulham,2.4,3–2,1.8,Brentford,21798.0,Craven Cottage,Peter Bankes,2223,3,2
27,3,Sat,2022-08-20,17:30,Bournemouth,0.3,0–3,1.3,Arsenal,10423.0,Vitality Stadium,Craig Pawson,2223,0,3
28,3,Sun,2022-08-21,14:00,Leeds United,2.1,3–0,0.9,Chelsea,36372.0,Elland Road,Stuart Attwell,2223,3,0
29,3,Sun,2022-08-21,14:00,West Ham,0.8,0–2,1.7,Brighton,62449.0,London Stadium,Anthony Taylor,2223,0,2
30,3,Sun,2022-08-21,16:30,Newcastle Utd,1.8,3–3,2.1,Manchester City,52258.0,St James' Park,Jarred Gillett,2223,3,3
31,3,Mon,2022-08-22,20:00,Manchester Utd,1.8,2–1,1.3,Liverpool,74147.0,Old Trafford,Michael Oliver,2223,2,1
33,4,Sat,2022-08-27,12:30,Southampton,1.4,0–1,1.1,Manchester Utd,31196.0,St. Mary's Stadium,Andy Madley,2223,0,1
34,4,Sat,2022-08-27,15:00,Manchester City,2.2,4–2,0.1,Crystal Palace,53112.0,Etihad Stadium,Darren England,2223,4,2
35,4,Sat,2022-08-27,15:00,Brighton,2.0,1–0,1.8,Leeds United,30953.0,The American Express Community Stadium,Michael Salisbury,2223,1,0
36,4,Sat,2022-08-27,15:00,Chelsea,1.8,2–1,2.5,Leicester City,39953.0,Stamford Bridge,Paul Tierney,2223,2,1
37,4,Sat,2022-08-27,15:00,Brentford,2.1,1–1,1.1,Everton,17009.0,Brentford Community Stadium,John Brooks,2223,1,1
38,4,Sat,2022-08-27,15:00,Liverpool,3.3,9–0,0.3,Bournemouth,53328.0,Anfield,Stuart Attwell,2223,9,0
39,4,Sat,2022-08-27,17:30,Arsenal,2.6,2–1,0.8,Fulham,60164.0,Emirates Stadium,Jarred Gillett,2223,2,1
40,4,Sun,2022-08-28,14:00,Wolves,0.7,1–1,1.7,Newcastle Utd,31311.0,Molineux Stadium,Peter Bankes,2223,1,1
41,4,Sun,2022-08-28,14:00,Aston Villa,0.5,0–1,0.6,West Ham,41796.0,Villa Park,David Coote,2223,0,1
42,4,Sun,2022-08-28,16:30,Nott'ham Forest,0.9,0–2,2.4,Tottenham,29296.0,The City Ground,Craig Pawson,2223,0,2
44,5,Tue,2022-08-30,19:30,Fulham,0.7,2–1,1.4,Brighton,22224.0,Craven Cottage,Thomas Bramall,2223,2,1
45,5,Tue,2022-08-30,19:30,Crystal Palace,1.0,1–1,1.4,Brentford,25043.0,Selhurst Park,Simon Hooper,2223,1,1
46,5,Tue,2022-08-30,19:45,Southampton,1.1,2–1,1.1,Chelsea,31542.0,St. Mary's Stadium,Michael Oliver,2223,2,1
47,5,Tue,2022-08-30,20:00,Leeds United,1.0,1–1,1.0,Everton,36338.0,Elland Road,Darren England,2223,1,1
48,5,Wed,2022-08-31,19:30,Bournemouth,0.4,0–0,1.5,Wolves,10113.0,Vitality Stadium,Anthony Taylor,2223,0,0
49,5,Wed,2022-08-31,19:30,Manchester City,3.3,6–0,0.7,Nott'ham Forest,53409.0,Etihad Stadium,Paul Tierney,2223,6,0
50,5,Wed,2022-08-31,19:30,Arsenal,2.4,2–1,0.4,Aston Villa,60012.0,Emirates Stadium,Robert Jones,2223,2,1
51,5,Wed,2022-08-31,19:45,West Ham,1.2,1–1,0.6,Tottenham,62450.0,London Stadium,Peter Bankes,2223,1,1
52,5,Wed,2022-08-31,20:00,Liverpool,1.5,2–1,0.7,Newcastle Utd,53316.0,Anfield,Andre Marriner,2223,2,1
53,5,Thu,2022-09-01,20:00,Leicester City,0.7,0–1,1.5,Manchester Utd,32226.0,King Power Stadium,Craig Pawson,2223,0,1
55,6,Sat,2022-09-03,12:30,Everton,1.7,0–0,2.1,Liverpool,39240.0,Goodison Park,Anthony Taylor,2223,0,0
56,6,Sat,2022-09-03,15:00,Nott'ham Forest,1.9,2–3,0.8,Bournemouth,28720.0,The City Ground,Michael Oliver,2223,2,3
57,6,Sat,2022-09-03,15:00,Wolves,0.8,1–0,1.2,Southampton,30546.0,Molineux Stadium,John Brooks,2223,1,0
58,6,Sat,2022-09-03,15:00,Newcastle Utd,2.8,0–0,1.0,Crystal Palace,51863.0,St James' Park,Michael Salisbury,2223,0,0
59,6,Sat,2022-09-03,15:00,Brentford,2.3,5–2,1.7,Leeds United,17092.0,Brentford Community Stadium,Robert Jones,2223,5,2
60,6,Sat,2022-09-03,15:00,Tottenham,2.9,2–1,0.7,Fulham,61641.0,Tottenham Hotspur Stadium,Stuart Attwell,2223,2,1
61,6,Sat,2022-09-03,15:00,Chelsea,0.9,2–1,1.1,West Ham,39923.0,Stamford Bridge,Andy Madley,2223,2,1
62,6,Sat,2022-09-03,17:30,Aston Villa,0.3,1–1,2.1,Manchester City,41830.0,Villa Park,Simon Hooper,2223,1,1
63,6,Sun,2022-09-04,14:00,Brighton,2.6,5–2,1.4,Leicester City,31185.0,The American Express Community Stadium,Tony Harrington,2223,5,2
64,6,Sun,2022-09-04,16:30,Manchester Utd,1.5,3–1,1.3,Arsenal,73431.0,Old Trafford,Paul Tierney,2223,3,1
66,8,Fri,2022-09-16,20:00,Aston Villa,1.5,1–0,0.3,Southampton,40758.0,Villa Park,Tony Harrington,2223,1,0
67,8,Fri,2022-09-16,20:00,Nott'ham Forest,1.4,2–3,0.9,Fulham,28654.0,The City Ground,Jarred Gillett,2223,2,3
68,8,Sat,2022-09-17,12:30,Wolves,0.4,0–3,1.1,Manchester City,31578.0,Molineux Stadium,Anthony Taylor,2223,0,3
69,8,Sat,2022-09-17,15:00,Newcastle Utd,1.9,1–1,0.7,Bournemouth,52238.0,St James' Park,Craig Pawson,2223,1,1
70,8,Sat,2022-09-17,17:30,Tottenham,2.2,6–2,1.8,Leicester City,61450.0,Tottenham Hotspur Stadium,Simon Hooper,2223,6,2
71,8,Sun,2022-09-18,12:00,Brentford,0.5,0–3,1.5,Arsenal,17122.0,Brentford Community Stadium,David Coote,2223,0,3
72,8,Sun,2022-09-18,14:15,Everton,0.4,1–0,1.0,West Ham,39298.0,Goodison Park,Michael Oliver,2223,1,0
74,9,Sat,2022-10-01,12:30,Arsenal,2.4,3–1,1.6,Tottenham,60278.0,Emirates Stadium,Anthony Taylor,2223,3,1
75,9,Sat,2022-10-01,15:00,Southampton,1.7,1–2,2.0,Everton,30510.0,St. Mary's Stadium,Andre Marriner,2223,1,2
76,9,Sat,2022-10-01,15:00,Crystal Palace,0.4,1–2,1.1,Chelsea,25198.0,Selhurst Park,Chris Kavanagh,2223,1,2
77,9,Sat,2022-10-01,15:00,Liverpool,1.5,3–3,1.4,Brighton,53320.0,Anfield,Andy Madley,2223,3,3
78,9,Sat,2022-10-01,15:00,Fulham,0.5,1–4,3.3,Newcastle Utd,22913.0,Craven Cottage,Darren England,2223,1,4
79,9,Sat,2022-10-01,15:00,Bournemouth,0.4,0–0,0.9,Brentford,10126.0,Vitality Stadium,Thomas Bramall,2223,0,0
80,9,Sat,2022-10-01,17:30,West Ham,0.9,2–0,0.7,Wolves,62444.0,London Stadium,Paul Tierney,2223,2,0
81,9,Sun,2022-10-02,14:00,Manchester City,3.2,6–3,1.7,Manchester Utd,53475.0,Etihad Stadium,Michael Oliver,2223,6,3
82,9,Sun,2022-10-02,16:30,Leeds United,0.4,0–0,2.2,Aston Villa,36582.0,Elland Road,Stuart Attwell,2223,0,0
83,9,Mon,2022-10-03,20:00,Leicester City,1.3,4–0,1.1,Nott'ham Forest,32202.0,King Power Stadium,Robert Jones,2223,4,0
85,10,Sat,2022-10-08,15:00,Bournemouth,1.1,2–1,1.0,Leicester City,10272.0,Vitality Stadium,Michael Salisbury,2223,2,1
86,10,Sat,2022-10-08,15:00,Newcastle Utd,1.5,5–1,1.2,Brentford,52067.0,St James' Park,John Brooks,2223,5,1
87,10,Sat,2022-10-08,15:00,Manchester City,2.4,4–0,0.2,Southampton,53365.0,Etihad Stadium,Andy Madley,2223,4,0
88,10,Sat,2022-10-08,15:00,Chelsea,1.9,3–0,1.1,Wolves,39940.0,Stamford Bridge,Simon Hooper,2223,3,0
89,10,Sat,2022-10-08,17:30,Brighton,0.7,0–1,0.8,Tottenham,31498.0,The American Express Community Stadium,Tony Harrington,2223,0,1
90,10,Sun,2022-10-09,14:00,West Ham,2.4,3–1,0.7,Fulham,62407.0,London Stadium,Chris Kavanagh,2223,3,1
91,10,Sun,2022-10-09,14:00,Crystal Palace,1.1,2–1,1.0,Leeds United,25042.0,Selhurst Park,Paul Tierney,2223,2,1
92,10,Sun,2022-10-09,16:30,Arsenal,2.7,3–2,1.1,Liverpool,60059.0,Emirates Stadium,Michael Oliver,2223,3,2
93,10,Sun,2022-10-09,19:00,Everton,0.6,1–2,1.4,Manchester Utd,39258.0,Goodison Park,David Coote,2223,1,2
94,10,Mon,2022-10-10,20:00,Nott'ham Forest,0.3,1–1,0.7,Aston Villa,29208.0,The City Ground,Anthony Taylor,2223,1,1
96,11,Fri,2022-10-14,20:00,Brentford,1.5,2–0,1.9,Brighton,17016.0,Brentford Community Stadium,Michael Salisbury,2223,2,0
97,11,Sat,2022-10-15,12:30,Leicester City,1.0,0–0,0.4,Crystal Palace,31298.0,King Power Stadium,Andy Madley,2223,0,0
98,11,Sat,2022-10-15,15:00,Fulham,2.1,2–2,1.0,Bournemouth,22541.0,Craven Cottage,Graham Scott,2223,2,2
99,11,Sat,2022-10-15,15:00,Wolves,1.3,1–0,1.5,Nott'ham Forest,31554.0,Molineux Stadium,Thomas Bramall,2223,1,0
100,11,Sat,2022-10-15,17:30,Tottenham,2.2,2–0,0.4,Everton,61812.0,Tottenham Hotspur Stadium,Paul Tierney,2223,2,0
101,11,Sun,2022-10-16,14:00,Southampton,0.5,1–1,1.7,West Ham,29159.0,St. Mary's Stadium,Peter Bankes,2223,1,1
102,11,Sun,2022-10-16,14:00,Aston Villa,1.8,0–2,0.9,Chelsea,41754.0,Villa Park,Robert Jones,2223,0,2
103,11,Sun,2022-10-16,14:00,Leeds United,1.8,0–1,0.5,Arsenal,36700.0,Elland Road,Chris Kavanagh,2223,0,1
104,11,Sun,2022-10-16,14:00,Manchester Utd,0.8,0–0,0.8,Newcastle Utd,73726.0,Old Trafford,Craig Pawson,2223,0,0
105,11,Sun,2022-10-16,16:30,Liverpool,2.1,1–0,1.0,Manchester City,53286.0,Anfield,Anthony Taylor,2223,1,0
107,12,Tue,2022-10-18,19:30,Brighton,1.7,0–0,0.1,Nott'ham Forest,31463.0,The American Express Community Stadium,Darren England,2223,0,0
108,12,Tue,2022-10-18,20:15,Crystal Palace,1.2,2–1,0.8,Wolves,25125.0,Selhurst Park,David Coote,2223,2,1
109,12,Wed,2022-10-19,19:30,Bournemouth,1.0,0–1,1.0,Southampton,10405.0,Vitality Stadium,John Brooks,2223,0,1
110,12,Wed,2022-10-19,19:30,Brentford,1.3,0–0,0.9,Chelsea,17118.0,Brentford Community Stadium,Jarred Gillett,2223,0,0
111,12,Wed,2022-10-19,19:30,Liverpool,1.7,1–0,1.7,West Ham,52982.0,Anfield,Stuart Attwell,2223,1,0
112,12,Wed,2022-10-19,19:30,Newcastle Utd,1.5,1–0,0.2,Everton,52247.0,St James' Park,Tony Harrington,2223,1,0
113,12,Wed,2022-10-19,20:15,Manchester Utd,1.5,2–0,0.6,Tottenham,73677.0,Old Trafford,Simon Hooper,2223,2,0
114,12,Thu,2022-10-20,19:30,Fulham,2.1,3–0,1.2,Aston Villa,23508.0,Craven Cottage,Michael Oliver,2223,3,0
115,12,Thu,2022-10-20,20:15,Leicester City,0.8,2–0,1.3,Leeds United,30814.0,King Power Stadium,Peter Bankes,2223,2,0
117,13,Sat,2022-10-22,12:30,Nott'ham Forest,1.9,1–0,1.6,Liverpool,29245.0,The City Ground,Paul Tierney,2223,1,0
118,13,Sat,2022-10-22,15:00,Everton,1.4,3–0,0.9,Crystal Palace,38939.0,Goodison Park,Simon Hooper,2223,3,0
119,13,Sat,2022-10-22,15:00,Manchester City,1.6,3–1,0.5,Brighton,53223.0,Etihad Stadium,Craig Pawson,2223,3,1
120,13,Sat,2022-10-22,17:30,Chelsea,1.1,1–1,0.8,Manchester Utd,39503.0,Stamford Bridge,Stuart Attwell,2223,1,1
121,13,Sun,2022-10-23,14:00,Aston Villa,2.8,4–0,0.9,Brentford,41693.0,Villa Park,Darren England,2223,4,0
122,13,Sun,2022-10-23,14:00,Wolves,2.1,0–4,0.9,Leicester City,31425.0,Molineux Stadium,Michael Oliver,2223,0,4
123,13,Sun,2022-10-23,14:00,Leeds United,1.6,2–3,1.8,Fulham,36447.0,Elland Road,Anthony Taylor,2223,2,3
124,13,Sun,2022-10-23,14:00,Southampton,0.7,1–1,1.0,Arsenal,31145.0,St. Mary's Stadium,Robert Jones,2223,1,1
125,13,Sun,2022-10-23,16:30,Tottenham,1.6,1–2,1.2,Newcastle Utd,61726.0,Tottenham Hotspur Stadium,Jarred Gillett,2223,1,2
126,13,Mon,2022-10-24,20:00,West Ham,1.9,2–0,0.4,Bournemouth,62447.0,London Stadium,David Coote,2223,2,0
128,14,Sat,2022-10-29,12:30,Leicester City,0.7,0–1,1.0,Manchester City,32223.0,King Power Stadium,Robert Jones,2223,0,1
129,14,Sat,2022-10-29,15:00,Brentford,1.4,1–1,0.6,Wolves,17051.0,Brentford Community Stadium,Robert Madley,2223,1,1
130,14,Sat,2022-10-29,15:00,Crystal Palace,0.9,1–0,1.3,Southampton,25130.0,Selhurst Park,Michael Salisbury,2223,1,0
131,14,Sat,2022-10-29,15:00,Newcastle Utd,3.4,4–0,0.4,Aston Villa,52233.0,St James' Park,Paul Tierney,2223,4,0
132,14,Sat,2022-10-29,15:00,Brighton,2.4,4–1,1.4,Chelsea,31746.0,The American Express Community Stadium,Andy Madley,2223,4,1
133,14,Sat,2022-10-29,15:00,Bournemouth,0.5,2–3,2.0,Tottenham,10430.0,Vitality Stadium,Anthony Taylor,2223,2,3
134,14,Sat,2022-10-29,17:30,Fulham,1.9,0–0,0.9,Everton,23534.0,Craven Cottage,John Brooks,2223,0,0
135,14,Sat,2022-10-29,19:45,Liverpool,1.7,1–2,1.8,Leeds United,53274.0,Anfield,Michael Oliver,2223,1,2
136,14,Sun,2022-10-30,14:00,Arsenal,2.3,5–0,0.4,Nott'ham Forest,60263.0,Emirates Stadium,Simon Hooper,2223,5,0
137,14,Sun,2022-10-30,16:15,Manchester Utd,1.2,1–0,1.1,West Ham,73682.0,Old Trafford,Chris Kavanagh,2223,1,0
139,15,Sat,2022-11-05,15:00,Nott'ham Forest,1.5,2–2,1.5,Brentford,28869.0,The City Ground,Andre Marriner,2223,2,2
140,15,Sat,2022-11-05,15:00,Leeds United,2.2,4–3,1.5,Bournemouth,36304.0,Elland Road,Tony Harrington,2223,4,3
141,15,Sat,2022-11-05,15:00,Manchester City,2.1,2–1,1.0,Fulham,52395.0,Etihad Stadium,Darren England,2223,2,1
142,15,Sat,2022-11-05,15:00,Wolves,1.2,2–3,1.5,Brighton,30732.0,Molineux Stadium,Graham Scott,2223,2,3
143,15,Sat,2022-11-05,17:30,Everton,1.2,0–2,2.3,Leicester City,39206.0,Goodison Park,David Coote,2223,0,2
144,15,Sun,2022-11-06,12:00,Chelsea,0.3,0–1,2.1,Arsenal,40142.0,Stamford Bridge,Michael Oliver,2223,0,1
145,15,Sun,2022-11-06,14:00,West Ham,0.3,1–2,1.0,Crystal Palace,62451.0,London Stadium,Paul Tierney,2223,1,2
146,15,Sun,2022-11-06,14:00,Southampton,1.7,1–4,0.9,Newcastle Utd,30402.0,St. Mary's Stadium,Stuart Attwell,2223,1,4
147,15,Sun,2022-11-06,14:00,Aston Villa,0.6,3–1,0.5,Manchester Utd,42058.0,Villa Park,Anthony Taylor,2223,3,1
148,15,Sun,2022-11-06,16:30,Tottenham,1.2,1–2,1.2,Liverpool,62008.0,Tottenham Hotspur Stadium,Andy Madley,2223,1,2
150,16,Sat,2022-11-12,12:30,Manchester City,1.6,1–2,1.3,Brentford,52786.0,Etihad Stadium,Peter Bankes,2223,1,2
151,16,Sat,2022-11-12,15:00,Tottenham,1.8,4–3,1.1,Leeds United,61667.0,Tottenham Hotspur Stadium,Michael Salisbury,2223,4,3
152,16,Sat,2022-11-12,15:00,Liverpool,1.9,3–1,1.1,Southampton,53331.0,Anfield,Simon Hooper,2223,3,1
153,16,Sat,2022-11-12,15:00,Bournemouth,2.4,3–0,0.8,Everton,10382.0,Vitality Stadium,Craig Pawson,2223,3,0
154,16,Sat,2022-11-12,15:00,West Ham,1.4,0–2,1.8,Leicester City,62459.0,London Stadium,Jarred Gillett,2223,0,2
155,16,Sat,2022-11-12,15:00,Nott'ham Forest,1.1,1–0,1.2,Crystal Palace,29045.0,The City Ground,John Brooks,2223,1,0
156,16,Sat,2022-11-12,17:30,Newcastle Utd,1.0,1–0,0.3,Chelsea,52264.0,St James' Park,Robert Jones,2223,1,0
157,16,Sat,2022-11-12,19:45,Wolves,0.7,0–2,2.1,Arsenal,34624.0,Molineux Stadium,Stuart Attwell,2223,0,2
158,16,Sun,2022-11-13,14:00,Brighton,0.6,1–2,1.5,Aston Villa,31581.0,The American Express Community Stadium,Chris Kavanagh,2223,1,2
159,16,Sun,2022-11-13,16:30,Fulham,1.4,1–2,2.5,Manchester Utd,24246.0,Craven Cottage,Paul Tierney,2223,1,2
161,17,Mon,2022-12-26,12:30,Brentford,2.0,2–2,1.1,Tottenham,17137.0,Brentford Community Stadium,David Coote,2223,2,2
162,17,Mon,2022-12-26,15:00,Southampton,1.9,1–3,0.6,Brighton,31010.0,St. Mary's Stadium,Robert Jones,2223,1,3
163,17,Mon,2022-12-26,15:00,Leicester City,0.5,0–3,1.9,Newcastle Utd,32185.0,King Power Stadium,Jarred Gillett,2223,0,3
164,17,Mon,2022-12-26,15:00,Crystal Palace,0.4,0–3,2.5,Fulham,25176.0,Selhurst Park,Andy Madley,2223,0,3
165,17,Mon,2022-12-26,15:00,Everton,1.7,1–2,0.8,Wolves,39252.0,Goodison Park,Craig Pawson,2223,1,2
166,17,Mon,2022-12-26,17:30,Aston Villa,1.4,1–3,2.7,Liverpool,42085.0,Villa Park,Paul Tierney,2223,1,3
167,17,Mon,2022-12-26,20:00,Arsenal,2.1,3–1,1.0,West Ham,60125.0,Emirates Stadium,Michael Oliver,2223,3,1
168,17,Tue,2022-12-27,17:30,Chelsea,1.8,2–0,0.5,Bournemouth,40046.0,Stamford Bridge,Simon Hooper,2223,2,0
169,17,Tue,2022-12-27,20:00,Manchester Utd,2.4,3–0,0.7,Nott'ham Forest,73608.0,Old Trafford,Anthony Taylor,2223,3,0
170,17,Wed,2022-12-28,20:00,Leeds United,0.6,1–3,4.3,Manchester City,36889.0,Elland Road,Stuart Attwell,2223,1,3
172,18,Fri,2022-12-30,19:45,West Ham,1.3,0–2,1.6,Brentford,62467.0,London Stadium,Darren England,2223,0,2
173,18,Fri,2022-12-30,20:00,Liverpool,2.2,2–1,1.0,Leicester City,53343.0,Anfield,Craig Pawson,2223,2,1
174,18,Sat,2022-12-31,12:30,Wolves,0.7,0–1,2.0,Manchester Utd,31658.0,Molineux Stadium,Robert Jones,2223,0,1
175,18,Sat,2022-12-31,15:00,Newcastle Utd,2.2,0–0,0.4,Leeds United,52211.0,St James' Park,Simon Hooper,2223,0,0
176,18,Sat,2022-12-31,15:00,Fulham,1.5,2–1,0.8,Southampton,24344.0,Craven Cottage,Graham Scott,2223,2,1
177,18,Sat,2022-12-31,15:00,Manchester City,1.7,1–1,0.1,Everton,53444.0,Etihad Stadium,Andy Madley,2223,1,1
178,18,Sat,2022-12-31,15:00,Bournemouth,0.6,0–2,1.6,Crystal Palace,9972.0,Vitality Stadium,Andre Marriner,2223,0,2
179,18,Sat,2022-12-31,17:30,Brighton,1.2,2–4,2.9,Arsenal,31647.0,The American Express Community Stadium,Anthony Taylor,2223,2,4
180,18,Sun,2023-01-01,14:00,Tottenham,0.7,0–2,1.0,Aston Villa,61651.0,Tottenham Hotspur Stadium,John Brooks,2223,0,2
181,18,Sun,2023-01-01,16:30,Nott'ham Forest,1.4,1–1,0.9,Chelsea,29229.0,The City Ground,Peter Bankes,2223,1,1
183,19,Mon,2023-01-02,17:30,Brentford,1.7,3–1,2.0,Liverpool,17163.0,Brentford Community Stadium,Stuart Attwell,2223,3,1
184,19,Tue,2023-01-03,19:45,Leicester City,1.7,0–1,1.7,Fulham,30813.0,King Power Stadium,Darren Bond,2223,0,1
185,19,Tue,2023-01-03,19:45,Everton,1.3,1–4,2.2,Brighton,39103.0,Goodison Park,Andre Marriner,2223,1,4
186,19,Tue,2023-01-03,19:45,Arsenal,1.1,0–0,1.0,Newcastle Utd,60319.0,Emirates Stadium,Andy Madley,2223,0,0
187,19,Tue,2023-01-03,20:00,Manchester Utd,2.2,3–0,0.6,Bournemouth,73322.0,Old Trafford,Michael Salisbury,2223,3,0
188,19,Wed,2023-01-04,19:30,Southampton,0.5,0–1,1.4,Nott'ham Forest,30150.0,St. Mary's Stadium,Thomas Bramall,2223,0,1
189,19,Wed,2023-01-04,19:45,Leeds United,1.6,2–2,1.4,West Ham,36173.0,Elland Road,David Coote,2223,2,2
190,19,Wed,2023-01-04,20:00,Aston Villa,1.8,1–1,0.9,Wolves,39978.0,Villa Park,Jarred Gillett,2223,1,1
191,19,Wed,2023-01-04,20:00,Crystal Palace,0.8,0–4,1.4,Tottenham,25132.0,Selhurst Park,Michael Oliver,2223,0,4
192,19,Thu,2023-01-05,20:00,Chelsea,0.4,0–1,2.0,Manchester City,39998.0,Stamford Bridge,Paul Tierney,2223,0,1
194,7,Thu,2023-01-12,20:00,Fulham,1.0,2–1,2.1,Chelsea,24460.0,Craven Cottage,David Coote,2223,2,1
196,20,Fri,2023-01-13,20:00,Aston Villa,1.2,2–1,2.4,Leeds United,42008.0,Villa Park,Michael Oliver,2223,2,1
197,20,Sat,2023-01-14,12:30,Manchester Utd,1.7,2–1,0.6,Manchester City,75546.0,Old Trafford,Stuart Attwell,2223,2,1
198,20,Sat,2023-01-14,15:00,Everton,1.4,1–2,1.2,Southampton,39305.0,Goodison Park,John Brooks,2223,1,2
199,20,Sat,2023-01-14,15:00,Wolves,0.9,1–0,1.1,West Ham,31511.0,Molineux Stadium,Simon Hooper,2223,1,0
200,20,Sat,2023-01-14,15:00,Nott'ham Forest,2.4,2–0,1.0,Leicester City,29301.0,The City Ground,Paul Tierney,2223,2,0
201,20,Sat,2023-01-14,15:00,Brighton,1.9,3–0,1.0,Liverpool,31645.0,The American Express Community Stadium,Darren England,2223,3,0
202,20,Sat,2023-01-14,17:30,Brentford,1.4,2–0,0.6,Bournemouth,17031.0,Brentford Community Stadium,Jarred Gillett,2223,2,0
203,20,Sun,2023-01-15,14:00,Chelsea,1.5,1–0,0.7,Crystal Palace,40075.0,Stamford Bridge,Peter Bankes,2223,1,0
204,20,Sun,2023-01-15,14:00,Newcastle Utd,2.2,1–0,1.1,Fulham,52247.0,St James' Park,Robert Jones,2223,1,0
205,20,Sun,2023-01-15,16:30,Tottenham,1.6,0–2,1.8,Arsenal,61870.0,Tottenham Hotspur Stadium,Craig Pawson,2223,0,2
207,7,Wed,2023-01-18,20:00,Crystal Palace,0.5,1–1,2.1,Manchester Utd,23343.0,Selhurst Park,Robert Jones,2223,1,1
208,7,Thu,2023-01-19,20:00,Manchester City,2.3,4–2,0.8,Tottenham,53088.0,Etihad Stadium,Simon Hooper,2223,4,2
210,21,Sat,2023-01-21,12:30,Liverpool,1.4,0–0,1.6,Chelsea,53126.0,Anfield,Michael Oliver,2223,0,0
211,21,Sat,2023-01-21,15:00,Bournemouth,1.4,1–1,1.9,Nott'ham Forest,10248.0,Vitality Stadium,Andy Madley,2223,1,1
212,21,Sat,2023-01-21,15:00,Southampton,0.6,0–1,1.4,Aston Villa,30158.0,St. Mary's Stadium,Michael Salisbury,2223,0,1
213,21,Sat,2023-01-21,15:00,Leicester City,0.9,2–2,1.7,Brighton,32056.0,King Power Stadium,Thomas Bramall,2223,2,2
214,21,Sat,2023-01-21,15:00,West Ham,2.2,2–0,0.5,Everton,62470.0,London Stadium,Stuart Attwell,2223,2,0
215,21,Sat,2023-01-21,17:30,Crystal Palace,0.3,0–0,1.2,Newcastle Utd,25350.0,Selhurst Park,Craig Pawson,2223,0,0
216,21,Sun,2023-01-22,14:00,Manchester City,2.8,3–0,0.8,Wolves,53282.0,Etihad Stadium,David Coote,2223,3,0
217,21,Sun,2023-01-22,14:00,Leeds United,0.5,0–0,0.4,Brentford,36260.0,Elland Road,Peter Bankes,2223,0,0
218,21,Sun,2023-01-22,16:30,Arsenal,3.1,3–2,0.4,Manchester Utd,60325.0,Emirates Stadium,Anthony Taylor,2223,3,2
219,21,Mon,2023-01-23,20:00,Fulham,1.0,0–1,0.9,Tottenham,24190.0,Craven Cottage,Paul Tierney,2223,0,1
221,22,Fri,2023-02-03,20:00,Chelsea,1.3,0–0,0.6,Fulham,40041.0,Stamford Bridge,Stuart Attwell,2223,0,0
222,22,Sat,2023-02-04,12:30,Everton,1.7,1–0,0.9,Arsenal,39314.0,Goodison Park,David Coote,2223,1,0
223,22,Sat,2023-02-04,15:00,Aston Villa,1.7,2–4,2.6,Leicester City,42055.0,Villa Park,Darren England,2223,2,4
224,22,Sat,2023-02-04,15:00,Wolves,2.0,3–0,1.8,Liverpool,31664.0,Molineux Stadium,Paul Tierney,2223,3,0
225,22,Sat,2023-02-04,15:00,Manchester Utd,2.0,2–1,1.3,Crystal Palace,73420.0,Old Trafford,Andre Marriner,2223,2,1
226,22,Sat,2023-02-04,15:00,Brighton,2.2,1–0,1.1,Bournemouth,31600.0,The American Express Community Stadium,Craig Pawson,2223,1,0
227,22,Sat,2023-02-04,15:00,Brentford,2.2,3–0,0.7,Southampton,17051.0,Brentford Community Stadium,Darren Bond,2223,3,0
228,22,Sat,2023-02-04,17:30,Newcastle Utd,1.0,1–1,1.0,West Ham,52256.0,St James' Park,Peter Bankes,2223,1,1
229,22,Sun,2023-02-05,14:00,Nott'ham Forest,0.4,1–0,0.9,Leeds United,29363.0,The City Ground,Robert Jones,2223,1,0
230,22,Sun,2023-02-05,16:30,Tottenham,1.4,1–0,1.3,Manchester City,61747.0,Tottenham Hotspur Stadium,Andy Madley,2223,1,0
232,8,Wed,2023-02-08,20:00,Manchester Utd,2.0,2–2,0.6,Leeds United,73456.0,Old Trafford,Simon Hooper,2223,2,2
234,23,Sat,2023-02-11,12:30,West Ham,1.3,1–1,1.1,Chelsea,62471.0,London Stadium,Craig Pawson,2223,1,1
235,23,Sat,2023-02-11,15:00,Leicester City,1.7,4–1,1.3,Tottenham,32184.0,King Power Stadium,Michael Salisbury,2223,4,1
236,23,Sat,2023-02-11,15:00,Crystal Palace,1.1,1–1,2.5,Brighton,24827.0,Selhurst Park,Michael Oliver,2223,1,1
237,23,Sat,2023-02-11,15:00,Arsenal,1.6,1–1,2.0,Brentford,60254.0,Emirates Stadium,Peter Bankes,2223,1,1
238,23,Sat,2023-02-11,15:00,Southampton,1.1,1–2,0.8,Wolves,29751.0,St. Mary's Stadium,Jarred Gillett,2223,1,2
239,23,Sat,2023-02-11,15:00,Fulham,1.5,2–0,0.7,Nott'ham Forest,24244.0,Craven Cottage,Andy Madley,2223,2,0
240,23,Sat,2023-02-11,17:30,Bournemouth,1.5,1–1,1.3,Newcastle Utd,10419.0,Vitality Stadium,Stuart Attwell,2223,1,1
241,23,Sun,2023-02-12,14:00,Leeds United,1.8,0–2,1.1,Manchester Utd,36919.0,Elland Road,Paul Tierney,2223,0,2
242,23,Sun,2023-02-12,16:30,Manchester City,3.3,3–1,0.3,Aston Villa,53392.0,Etihad Stadium,Robert Jones,2223,3,1
243,23,Mon,2023-02-13,20:00,Liverpool,2.3,2–0,0.4,Everton,53027.0,Anfield,Simon Hooper,2223,2,0
245,12,Wed,2023-02-15,19:30,Arsenal,1.6,1–3,1.8,Manchester City,60276.0,Emirates Stadium,Anthony Taylor,2223,1,3
247,24,Sat,2023-02-18,12:30,Aston Villa,0.5,2–4,3.2,Arsenal,42066.0,Villa Park,Simon Hooper,2223,2,4
248,24,Sat,2023-02-18,15:00,Brighton,2.2,0–1,0.3,Fulham,31619.0,The American Express Community Stadium,Darren England,2223,0,1
249,24,Sat,2023-02-18,15:00,Nott'ham Forest,0.9,1–1,2.4,Manchester City,29365.0,The City Ground,Graham Scott,2223,1,1
250,24,Sat,2023-02-18,15:00,Chelsea,1.6,0–1,0.6,Southampton,40152.0,Stamford Bridge,David Coote,2223,0,1
251,24,Sat,2023-02-18,15:00,Everton,1.4,1–0,0.5,Leeds United,39232.0,Goodison Park,Andy Madley,2223,1,0
252,24,Sat,2023-02-18,15:00,Wolves,1.3,0–1,1.1,Bournemouth,31222.0,Molineux Stadium,Michael Salisbury,2223,0,1
253,24,Sat,2023-02-18,15:00,Brentford,0.9,1–1,1.1,Crystal Palace,17122.0,Brentford Community Stadium,Paul Tierney,2223,1,1
254,24,Sat,2023-02-18,17:30,Newcastle Utd,2.0,0–2,1.9,Liverpool,52758.0,St James' Park,Anthony Taylor,2223,0,2
255,24,Sun,2023-02-19,14:00,Manchester Utd,4.4,3–0,1.6,Leicester City,73578.0,Old Trafford,Stuart Attwell,2223,3,0
256,24,Sun,2023-02-19,16:30,Tottenham,1.5,2–0,0.5,West Ham,61476.0,Tottenham Hotspur Stadium,Michael Oliver,2223,2,0
258,25,Fri,2023-02-24,20:00,Fulham,0.5,1–1,0.8,Wolves,24399.0,Craven Cottage,Michael Oliver,2223,1,1
259,25,Sat,2023-02-25,15:00,Leicester City,0.0,0–1,0.7,Arsenal,32227.0,King Power Stadium,Craig Pawson,2223,0,1
260,25,Sat,2023-02-25,15:00,Everton,1.6,0–2,1.9,Aston Villa,39309.0,Goodison Park,Anthony Taylor,2223,0,2
261,25,Sat,2023-02-25,15:00,West Ham,2.7,4–0,0.4,Nott'ham Forest,62469.0,London Stadium,Jarred Gillett,2223,4,0
262,25,Sat,2023-02-25,15:00,Leeds United,0.9,1–0,0.4,Southampton,36641.0,Elland Road,Peter Bankes,2223,1,0
263,25,Sat,2023-02-25,17:30,Bournemouth,1.0,1–4,2.4,Manchester City,10481.0,Vitality Stadium,Paul Tierney,2223,1,4
264,25,Sat,2023-02-25,19:45,Crystal Palace,0.7,0–0,0.9,Liverpool,25842.0,Selhurst Park,Darren England,2223,0,0
265,25,Sun,2023-02-26,13:30,Tottenham,0.8,2–0,0.4,Chelsea,61613.0,Tottenham Hotspur Stadium,Stuart Attwell,2223,2,0
267,7,Wed,2023-03-01,19:45,Arsenal,2.4,4–0,1.2,Everton,60213.0,Emirates Stadium,Michael Oliver,2223,4,0
268,7,Wed,2023-03-01,20:00,Liverpool,2.6,2–0,0.8,Wolves,53259.0,Anfield,Paul Tierney,2223,2,0
270,26,Sat,2023-03-04,12:30,Manchester City,1.3,2–0,0.4,Newcastle Utd,53419.0,Etihad Stadium,Simon Hooper,2223,2,0
271,26,Sat,2023-03-04,15:00,Arsenal,2.1,3–2,1.3,Bournemouth,60222.0,Emirates Stadium,Chris Kavanagh,2223,3,2
272,26,Sat,2023-03-04,15:00,Aston Villa,1.2,1–0,0.2,Crystal Palace,41893.0,Villa Park,Craig Pawson,2223,1,0
273,26,Sat,2023-03-04,15:00,Chelsea,1.5,1–0,1.0,Leeds United,39905.0,Stamford Bridge,Michael Oliver,2223,1,0
274,26,Sat,2023-03-04,15:00,Brighton,3.5,4–0,0.3,West Ham,31523.0,The American Express Community Stadium,Stuart Attwell,2223,4,0
275,26,Sat,2023-03-04,15:00,Wolves,0.5,1–0,1.2,Tottenham,31585.0,Molineux Stadium,Tim Robinson,2223,1,0
276,26,Sat,2023-03-04,17:30,Southampton,1.4,1–0,1.9,Leicester City,30139.0,St. Mary's Stadium,Robert Jones,2223,1,0
277,26,Sun,2023-03-05,14:00,Nott'ham Forest,0.8,2–2,1.7,Everton,29353.0,The City Ground,John Brooks,2223,2,2
278,26,Sun,2023-03-05,16:30,Liverpool,2.8,7–0,0.8,Manchester Utd,53001.0,Anfield,Andy Madley,2223,7,0
279,26,Mon,2023-03-06,20:00,Brentford,2.1,3–2,1.4,Fulham,17025.0,Brentford Community Stadium,Anthony Taylor,2223,3,2
281,27,Sat,2023-03-11,12:30,Bournemouth,0.9,1–0,1.7,Liverpool,10536.0,Vitality Stadium,John Brooks,2223,1,0
282,27,Sat,2023-03-11,15:00,Leeds United,0.9,2–2,2.7,Brighton,36471.0,Elland Road,Paul Tierney,2223,2,2
283,27,Sat,2023-03-11,15:00,Everton,1.0,1–0,2.0,Brentford,39274.0,Goodison Park,Simon Hooper,2223,1,0
284,27,Sat,2023-03-11,15:00,Leicester City,2.4,1–3,1.6,Chelsea,32170.0,King Power Stadium,Andre Marriner,2223,1,3
285,27,Sat,2023-03-11,15:00,Tottenham,2.0,3–1,1.5,Nott'ham Forest,61460.0,Tottenham Hotspur Stadium,Craig Pawson,2223,3,1
286,27,Sat,2023-03-11,17:30,Crystal Palace,0.2,0–1,2.1,Manchester City,25844.0,Selhurst Park,Robert Jones,2223,0,1
287,27,Sun,2023-03-12,14:00,Manchester Utd,0.8,0–0,1.0,Southampton,73439.0,Old Trafford,Anthony Taylor,2223,0,0
288,27,Sun,2023-03-12,14:00,Fulham,0.8,0–3,2.3,Arsenal,24426.0,Craven Cottage,David Coote,2223,0,3
289,27,Sun,2023-03-12,14:00,West Ham,2.1,1–1,1.5,Aston Villa,62472.0,London Stadium,Chris Kavanagh,2223,1,1
290,27,Sun,2023-03-12,16:30,Newcastle Utd,1.8,2–1,1.1,Wolves,52240.0,St James' Park,Andy Madley,2223,2,1
292,7,Wed,2023-03-15,19:30,Southampton,0.5,0–2,1.9,Brentford,30438.0,St. Mary's Stadium,Michael Salisbury,2223,0,2
294,8,Wed,2023-03-15,19:30,Brighton,0.6,1–0,1.1,Crystal Palace,30933.0,The American Express Community Stadium,Peter Bankes,2223,1,0
296,28,Fri,2023-03-17,20:00,Nott'ham Forest,0.4,1–2,2.4,Newcastle Utd,29362.0,The City Ground,Paul Tierney,2223,1,2
297,28,Sat,2023-03-18,15:00,Wolves,2.7,2–4,1.6,Leeds United,31570.0,Molineux Stadium,Michael Salisbury,2223,2,4
298,28,Sat,2023-03-18,15:00,Brentford,0.6,1–1,1.3,Leicester City,17006.0,Brentford Community Stadium,Darren Bond,2223,1,1
299,28,Sat,2023-03-18,15:00,Aston Villa,3.5,3–0,1.3,Bournemouth,41021.0,Villa Park,Robert Jones,2223,3,0
300,28,Sat,2023-03-18,15:00,Southampton,2.4,3–3,2.3,Tottenham,30157.0,St. Mary's Stadium,Simon Hooper,2223,3,3
301,28,Sat,2023-03-18,17:30,Chelsea,2.3,2–2,1.2,Everton,40025.0,Stamford Bridge,Darren England,2223,2,2
302,28,Sun,2023-03-19,14:00,Arsenal,1.6,4–1,0.8,Crystal Palace,60247.0,Emirates Stadium,Stuart Attwell,2223,4,1
304,29,Sat,2023-04-01,12:30,Manchester City,2.9,4–1,0.3,Liverpool,52877.0,Etihad Stadium,Simon Hooper,2223,4,1
305,29,Sat,2023-04-01,15:00,Arsenal,3.8,4–1,0.7,Leeds United,60283.0,Emirates Stadium,Darren England,2223,4,1
306,29,Sat,2023-04-01,15:00,Nott'ham Forest,1.3,1–1,0.5,Wolves,29368.0,The City Ground,Chris Kavanagh,2223,1,1
307,29,Sat,2023-04-01,15:00,Brighton,4.2,3–3,1.6,Brentford,31493.0,The American Express Community Stadium,Michael Oliver,2223,3,3
308,29,Sat,2023-04-01,15:00,Crystal Palace,2.3,2–1,0.2,Leicester City,25147.0,Selhurst Park,Tim Robinson,2223,2,1
309,29,Sat,2023-04-01,15:00,Bournemouth,2.6,2–1,0.8,Fulham,10305.0,Vitality Stadium,Peter Bankes,2223,2,1
310,29,Sat,2023-04-01,17:30,Chelsea,2.1,0–2,0.9,Aston Villa,40082.0,Stamford Bridge,Andy Madley,2223,0,2
311,29,Sun,2023-04-02,14:00,West Ham,1.4,1–0,0.3,Southampton,62498.0,London Stadium,Paul Tierney,2223,1,0
312,29,Sun,2023-04-02,16:30,Newcastle Utd,3.7,2–0,0.4,Manchester Utd,52268.0,St James' Park,Stuart Attwell,2223,2,0
313,29,Mon,2023-04-03,20:00,Everton,0.9,1–1,1.4,Tottenham,39294.0,Goodison Park,David Coote,2223,1,1
315,7,Tue,2023-04-04,19:45,Leeds United,1.8,2–1,0.8,Nott'ham Forest,36740.0,Elland Road,Robert Jones,2223,2,1
316,7,Tue,2023-04-04,19:45,Bournemouth,1.7,0–2,2.7,Brighton,10266.0,Vitality Stadium,Darren Bond,2223,0,2
317,7,Tue,2023-04-04,19:45,Leicester City,0.5,1–2,1.0,Aston Villa,32087.0,King Power Stadium,Graham Scott,2223,1,2
319,8,Tue,2023-04-04,20:00,Chelsea,2.2,0–0,0.3,Liverpool,40093.0,Stamford Bridge,Anthony Taylor,2223,0,0
321,7,Wed,2023-04-05,20:00,West Ham,1.0,1–5,3.3,Newcastle Utd,62481.0,London Stadium,Craig Pawson,2223,1,5
323,25,Wed,2023-04-05,20:00,Manchester Utd,1.2,1–0,0.7,Brentford,73309.0,Old Trafford,John Brooks,2223,1,0
325,30,Sat,2023-04-08,12:30,Manchester Utd,3.4,2–0,1.0,Everton,73509.0,Old Trafford,Michael Oliver,2223,2,0
326,30,Sat,2023-04-08,15:00,Fulham,0.7,0–1,1.1,West Ham,24491.0,Craven Cottage,Jarred Gillett,2223,0,1
327,30,Sat,2023-04-08,15:00,Aston Villa,1.3,2–0,0.2,Nott'ham Forest,42076.0,Villa Park,Anthony Taylor,2223,2,0
328,30,Sat,2023-04-08,15:00,Leicester City,0.6,0–1,1.9,Bournemouth,32094.0,King Power Stadium,David Coote,2223,0,1
329,30,Sat,2023-04-08,15:00,Brentford,2.6,1–2,1.3,Newcastle Utd,17107.0,Brentford Community Stadium,Chris Kavanagh,2223,1,2
330,30,Sat,2023-04-08,15:00,Wolves,0.6,1–0,1.1,Chelsea,31614.0,Molineux Stadium,Peter Bankes,2223,1,0
331,30,Sat,2023-04-08,15:00,Tottenham,0.8,2–1,1.4,Brighton,61405.0,Tottenham Hotspur Stadium,Stuart Attwell,2223,2,1
332,30,Sat,2023-04-08,17:30,Southampton,0.4,1–4,2.9,Manchester City,30963.0,St. Mary's Stadium,Robert Jones,2223,1,4
333,30,Sun,2023-04-09,14:00,Leeds United,0.9,1–5,3.0,Crystal Palace,36427.0,Elland Road,Simon Hooper,2223,1,5
334,30,Sun,2023-04-09,16:30,Liverpool,3.9,2–2,1.4,Arsenal,53267.0,Anfield,Paul Tierney,2223,2,2
336,31,Sat,2023-04-15,12:30,Aston Villa,1.9,3–0,0.5,Newcastle Utd,42055.0,Villa Park,John Brooks,2223,3,0
337,31,Sat,2023-04-15,15:00,Chelsea,0.5,1–2,2.9,Brighton,40126.0,Stamford Bridge,Robert Jones,2223,1,2
338,31,Sat,2023-04-15,15:00,Southampton,0.8,0–2,0.9,Crystal Palace,30309.0,St. Mary's Stadium,Michael Oliver,2223,0,2
339,31,Sat,2023-04-15,15:00,Wolves,0.8,2–0,1.1,Brentford,30769.0,Molineux Stadium,Paul Tierney,2223,2,0
340,31,Sat,2023-04-15,15:00,Tottenham,2.2,2–3,1.3,Bournemouth,61369.0,Tottenham Hotspur Stadium,Andy Madley,2223,2,3
341,31,Sat,2023-04-15,15:00,Everton,1.4,1–3,1.8,Fulham,39241.0,Goodison Park,Anthony Taylor,2223,1,3
342,31,Sat,2023-04-15,17:30,Manchester City,1.6,3–1,2.3,Leicester City,53329.0,Etihad Stadium,Darren England,2223,3,1
343,31,Sun,2023-04-16,14:00,West Ham,1.8,2–2,2.7,Arsenal,62481.0,London Stadium,David Coote,2223,2,2
344,31,Sun,2023-04-16,16:30,Nott'ham Forest,0.7,0–2,3.5,Manchester Utd,29435.0,The City Ground,Simon Hooper,2223,0,2
345,31,Mon,2023-04-17,20:00,Leeds United,1.4,1–6,2.7,Liverpool,36657.0,Elland Road,Craig Pawson,2223,1,6
347,32,Fri,2023-04-21,20:00,Arsenal,2.5,3–3,1.3,Southampton,60175.0,Emirates Stadium,Simon Hooper,2223,3,3
348,32,Sat,2023-04-22,12:30,Fulham,1.7,2–1,0.8,Leeds United,24356.0,Craven Cottage,Peter Bankes,2223,2,1
349,32,Sat,2023-04-22,15:00,Crystal Palace,0.5,0–0,0.4,Everton,25202.0,Selhurst Park,John Brooks,2223,0,0
350,32,Sat,2023-04-22,15:00,Brentford,2.7,1–1,1.5,Aston Villa,17098.0,Brentford Community Stadium,Michael Salisbury,2223,1,1
351,32,Sat,2023-04-22,15:00,Liverpool,2.8,3–2,0.9,Nott'ham Forest,53254.0,Anfield,Michael Oliver,2223,3,2
352,32,Sat,2023-04-22,15:00,Leicester City,2.4,2–1,0.9,Wolves,32053.0,King Power Stadium,Andy Madley,2223,2,1
353,32,Sun,2023-04-23,14:00,Bournemouth,1.5,0–4,2.4,West Ham,10465.0,Vitality Stadium,Anthony Taylor,2223,0,4
354,32,Sun,2023-04-23,14:00,Newcastle Utd,3.7,6–1,1.0,Tottenham,52252.0,St James' Park,David Coote,2223,6,1
356,33,Tue,2023-04-25,19:30,Wolves,1.4,2–0,0.8,Crystal Palace,30294.0,Molineux Stadium,Robert Jones,2223,2,0
357,33,Tue,2023-04-25,19:45,Aston Villa,1.0,1–0,0.1,Fulham,41046.0,Villa Park,Thomas Bramall,2223,1,0
358,33,Tue,2023-04-25,20:00,Leeds United,1.5,1–1,2.1,Leicester City,36666.0,Elland Road,Paul Tierney,2223,1,1
359,33,Wed,2023-04-26,19:30,Nott'ham Forest,2.4,3–1,2.3,Brighton,28808.0,The City Ground,Jarred Gillett,2223,3,1
360,33,Wed,2023-04-26,19:45,Chelsea,1.3,0–2,1.1,Brentford,39929.0,Stamford Bridge,Andy Madley,2223,0,2
361,33,Wed,2023-04-26,19:45,West Ham,0.8,1–2,1.9,Liverpool,62473.0,London Stadium,Chris Kavanagh,2223,1,2
362,33,Wed,2023-04-26,20:00,Manchester City,2.5,4–1,0.5,Arsenal,53482.0,Etihad Stadium,Michael Oliver,2223,4,1
363,33,Thu,2023-04-27,19:45,Everton,0.9,1–4,2.4,Newcastle Utd,39248.0,Goodison Park,Andre Marriner,2223,1,4
364,33,Thu,2023-04-27,19:45,Southampton,0.5,0–1,0.9,Bournemouth,30414.0,St. Mary's Stadium,Darren England,2223,0,1
365,33,Thu,2023-04-27,20:15,Tottenham,2.5,2–2,2.0,Manchester Utd,61586.0,Tottenham Hotspur Stadium,Anthony Taylor,2223,2,2
367,34,Sat,2023-04-29,12:30,Crystal Palace,2.1,4–3,1.7,West Ham,25148.0,Selhurst Park,Craig Pawson,2223,4,3
368,34,Sat,2023-04-29,15:00,Brighton,3.3,6–0,0.8,Wolves,31584.0,The American Express Community Stadium,David Coote,2223,6,0
369,34,Sat,2023-04-29,15:00,Brentford,1.6,2–1,0.7,Nott'ham Forest,17080.0,Brentford Community Stadium,Peter Bankes,2223,2,1
370,34,Sun,2023-04-30,14:00,Manchester Utd,1.2,1–0,0.6,Aston Villa,73592.0,Old Trafford,Jarred Gillett,2223,1,0
371,34,Sun,2023-04-30,14:00,Bournemouth,1.9,4–1,1.6,Leeds United,10434.0,Vitality Stadium,Chris Kavanagh,2223,4,1
372,34,Sun,2023-04-30,14:00,Newcastle Utd,4.3,3–1,0.8,Southampton,52234.0,St James' Park,Anthony Taylor,2223,3,1
373,34,Sun,2023-04-30,14:00,Fulham,0.2,1–2,2.5,Manchester City,24498.0,Craven Cottage,Simon Hooper,2223,1,2
374,34,Sun,2023-04-30,16:30,Liverpool,2.2,4–3,2.0,Tottenham,53275.0,Anfield,Paul Tierney,2223,4,3
375,34,Mon,2023-05-01,20:00,Leicester City,3.4,2–2,3.1,Everton,32173.0,King Power Stadium,Michael Oliver,2223,2,2
376,34,Tue,2023-05-02,20:00,Arsenal,1.7,3–1,0.8,Chelsea,60144.0,Emirates Stadium,Robert Jones,2223,3,1
378,28,Wed,2023-05-03,20:00,Liverpool,1.8,1–0,0.9,Fulham,52602.0,Anfield,Stuart Attwell,2223,1,0
379,28,Wed,2023-05-03,20:00,Manchester City,2.3,3–0,0.4,West Ham,53305.0,Etihad Stadium,John Brooks,2223,3,0
380,28,Thu,2023-05-04,20:00,Brighton,2.3,1–0,1.4,Manchester Utd,31577.0,The American Express Community Stadium,Andre Marriner,2223,1,0
382,35,Sat,2023-05-06,15:00,Tottenham,0.9,1–0,0.4,Crystal Palace,61093.0,Tottenham Hotspur Stadium,Darren England,2223,1,0
383,35,Sat,2023-05-06,15:00,Wolves,0.8,1–0,1.5,Aston Villa,31641.0,Molineux Stadium,Stuart Attwell,2223,1,0
384,35,Sat,2023-05-06,15:00,Bournemouth,1.2,1–3,1.3,Chelsea,10357.0,Vitality Stadium,John Brooks,2223,1,3
385,35,Sat,2023-05-06,15:00,Manchester City,2.6,2–1,0.2,Leeds United,53406.0,Etihad Stadium,Andy Madley,2223,2,1
386,35,Sat,2023-05-06,17:30,Liverpool,2.2,1–0,0.2,Brentford,52838.0,Anfield,Anthony Taylor,2223,1,0
387,35,Sun,2023-05-07,16:30,Newcastle Utd,1.3,0–2,1.3,Arsenal,50267.0,St James' Park,Chris Kavanagh,2223,0,2
388,35,Sun,2023-05-07,19:00,West Ham,1.3,1–0,1.2,Manchester Utd,62477.0,London Stadium,Peter Bankes,2223,1,0
389,35,Mon,2023-05-08,15:00,Fulham,1.6,5–3,2.8,Leicester City,24442.0,Craven Cottage,Robert Jones,2223,5,3
390,35,Mon,2023-05-08,17:30,Brighton,3.2,1–5,2.3,Everton,31567.0,The American Express Community Stadium,Simon Hooper,2223,1,5
391,35,Mon,2023-05-08,20:00,Nott'ham Forest,1.8,4–3,3.1,Southampton,29154.0,The City Ground,Michael Oliver,2223,4,3
393,36,Sat,2023-05-13,12:30,Leeds United,2.0,2–2,2.3,Newcastle Utd,36955.0,Elland Road,Simon Hooper,2223,2,2
394,36,Sat,2023-05-13,15:00,Aston Villa,1.2,2–1,1.4,Tottenham,42164.0,Villa Park,Peter Bankes,2223,2,1
395,36,Sat,2023-05-13,15:00,Chelsea,1.2,2–2,1.3,Nott'ham Forest,40030.0,Stamford Bridge,Paul Tierney,2223,2,2
396,36,Sat,2023-05-13,15:00,Crystal Palace,1.5,2–0,0.3,Bournemouth,25034.0,Selhurst Park,Michael Salisbury,2223,2,0
397,36,Sat,2023-05-13,15:00,Southampton,0.4,0–2,1.4,Fulham,28978.0,St. Mary's Stadium,Thomas Bramall,2223,0,2
398,36,Sat,2023-05-13,15:00,Manchester Utd,3.2,2–0,0.3,Wolves,73570.0,Old Trafford,John Brooks,2223,2,0
399,36,Sun,2023-05-14,14:00,Everton,1.6,0–3,0.8,Manchester City,39376.0,Goodison Park,Anthony Taylor,2223,0,3
400,36,Sun,2023-05-14,14:00,Brentford,3.4,2–0,0.2,West Ham,17075.0,Brentford Community Stadium,Michael Oliver,2223,2,0
401,36,Sun,2023-05-14,16:30,Arsenal,0.9,0–3,1.7,Brighton,60139.0,Emirates Stadium,Andy Madley,2223,0,3
402,36,Mon,2023-05-15,20:00,Leicester City,0.4,0–3,2.2,Liverpool,32225.0,King Power Stadium,Craig Pawson,2223,0,3
404,25,Thu,2023-05-18,19:30,Newcastle Utd,3.6,4–1,0.5,Brighton,52122.0,St James' Park,Robert Jones,2223,4,1
406,37,Sat,2023-05-20,12:30,Tottenham,1.7,1–3,1.2,Brentford,61514.0,Tottenham Hotspur Stadium,Jarred Gillett,2223,1,3
407,37,Sat,2023-05-20,15:00,Liverpool,0.7,1–1,1.3,Aston Villa,53306.0,Anfield,John Brooks,2223,1,1
408,37,Sat,2023-05-20,15:00,Fulham,1.7,2–2,1.6,Crystal Palace,24356.0,Craven Cottage,Joshua Smith,2223,2,2
409,37,Sat,2023-05-20,15:00,Bournemouth,1.0,0–1,1.4,Manchester Utd,10240.0,Vitality Stadium,Chris Kavanagh,2223,0,1
410,37,Sat,2023-05-20,15:00,Wolves,1.6,1–1,2.0,Everton,31684.0,Molineux Stadium,David Coote,2223,1,1
411,37,Sat,2023-05-20,17:30,Nott'ham Forest,0.6,1–0,0.6,Arsenal,29514.0,The City Ground,Anthony Taylor,2223,1,0
412,37,Sun,2023-05-21,13:30,West Ham,2.1,3–1,0.9,Leeds United,62478.0,London Stadium,Peter Bankes,2223,3,1
413,37,Sun,2023-05-21,14:00,Brighton,2.5,3–1,0.6,Southampton,31507.0,The American Express Community Stadium,Paul Tierney,2223,3,1
414,37,Sun,2023-05-21,16:00,Manchester City,1.2,1–0,1.2,Chelsea,53490.0,Etihad Stadium,Michael Oliver,2223,1,0
415,37,Mon,2023-05-22,20:00,Newcastle Utd,2.1,0–0,0.1,Leicester City,52152.0,St James' Park,Andre Marriner,2223,0,0
417,32,Wed,2023-05-24,20:00,Brighton,2.2,1–1,1.8,Manchester City,31388.0,The American Express Community Stadium,Simon Hooper,2223,1,1
418,32,Thu,2023-05-25,20:00,Manchester Utd,5.2,4–1,1.9,Chelsea,73561.0,Old Trafford,Stuart Attwell,2223,4,1
420,38,Sun,2023-05-28,16:30,Crystal Palace,1.4,1–1,0.5,Nott'ham Forest,25198.0,Selhurst Park,Thomas Bramall,2223,1,1
421,38,Sun,2023-05-28,16:30,Chelsea,2.2,1–1,1.7,Newcastle Utd,40130.0,Stamford Bridge,Jarred Gillett,2223,1,1
422,38,Sun,2023-05-28,16:30,Manchester Utd,2.9,2–1,1.8,Fulham,73465.0,Old Trafford,Robert Jones,2223,2,1
423,38,Sun,2023-05-28,16:30,Arsenal,2.8,5–0,0.5,Wolves,60095.0,Emirates Stadium,Andre Marriner,2223,5,0
424,38,Sun,2023-05-28,16:30,Southampton,1.8,4–4,4.0,Liverpool,31129.0,St. Mary's Stadium,Darren England,2223,4,4
425,38,Sun,2023-05-28,16:30,Everton,1.0,1–0,0.5,Bournemouth,39201.0,Goodison Park,Stuart Attwell,2223,1,0
426,38,Sun,2023-05-28,16:30,Leicester City,1.4,2–1,1.4,West Ham,32183.0,King Power Stadium,Simon Hooper,2223,2,1
427,38,Sun,2023-05-28,16:30,Aston Villa,2.8,2–1,1.4,Brighton,,Villa Park,David Coote,2223,2,1
428,38,Sun,2023-05-28,16:30,Leeds United,1.5,1–4,2.2,Tottenham,36871.0,Elland Road,Anthony Taylor,2223,1,4
429,38,Sun,2023-05-28,16:30,Brentford,1.3,1–0,1.6,Manchester City,17120.0,Brentford Community Stadium,John Brooks,2223,1,0
0,1,Fri,2023-08-11,20:00,Burnley,0.3,0–3,1.9,Manchester City,21572.0,Turf Moor,Craig Pawson,2324,0,3
1,1,Sat,2023-08-12,12:30,Arsenal,0.8,2–1,1.2,Nott'ham Forest,59984.0,Emirates Stadium,Michael Oliver,2324,2,1
2,1,Sat,2023-08-12,15:00,Everton,2.7,0–1,1.5,Fulham,39940.0,Goodison Park,Stuart Attwell,2324,0,1
3,1,Sat,2023-08-12,15:00,Sheffield Utd,0.5,0–1,1.9,Crystal Palace,31194.0,Bramall Lane,John Brooks,2324,0,1
4,1,Sat,2023-08-12,15:00,Brighton,4.0,4–1,1.5,Luton Town,31872.0,The American Express Community Stadium,David Coote,2324,4,1
5,1,Sat,2023-08-12,15:00,Bournemouth,1.3,1–1,1.1,West Ham,11245.0,Vitality Stadium,Peter Bankes,2324,1,1
6,1,Sat,2023-08-12,17:30,Newcastle Utd,3.3,5–1,1.8,Aston Villa,52207.0,St James' Park,Andy Madley,2324,5,1
7,1,Sun,2023-08-13,14:00,Brentford,2.2,2–2,1.3,Tottenham,17066.0,Gtech Community Stadium,Robert Jones,2324,2,2
8,1,Sun,2023-08-13,16:30,Chelsea,1.4,1–1,1.3,Liverpool,40096.0,Stamford Bridge,Anthony Taylor,2324,1,1
9,1,Mon,2023-08-14,20:00,Manchester Utd,2.2,1–0,2.2,Wolves,73358.0,Old Trafford,Simon Hooper,2324,1,0
11,2,Fri,2023-08-18,19:45,Nott'ham Forest,1.4,2–1,0.5,Sheffield Utd,29432.0,The City Ground,Peter Bankes,2324,2,1
12,2,Sat,2023-08-19,15:00,Fulham,0.5,0–3,3.7,Brentford,24236.0,Craven Cottage,Darren Bond,2324,0,3
13,2,Sat,2023-08-19,15:00,Liverpool,3.0,3–1,1.3,Bournemouth,53145.0,Anfield,Thomas Bramall,2324,3,1
14,2,Sat,2023-08-19,15:00,Wolves,2.1,1–4,2.2,Brighton,31317.0,Molineux Stadium,Andy Madley,2324,1,4
15,2,Sat,2023-08-19,17:30,Tottenham,1.7,2–0,2.1,Manchester Utd,61910.0,Tottenham Hotspur Stadium,Michael Oliver,2324,2,0
16,2,Sat,2023-08-19,20:00,Manchester City,1.0,1–0,0.3,Newcastle Utd,53419.0,Etihad Stadium,Robert Jones,2324,1,0
17,2,Sun,2023-08-20,14:00,Aston Villa,2.9,4–0,0.6,Everton,41694.0,Villa Park,Anthony Taylor,2324,4,0
18,2,Sun,2023-08-20,16:30,West Ham,1.8,3–1,2.5,Chelsea,62451.0,London Stadium,John Brooks,2324,3,1
19,2,Mon,2023-08-21,20:00,Crystal Palace,1.0,0–1,2.0,Arsenal,24189.0,Selhurst Park,David Coote,2324,0,1
21,3,Fri,2023-08-25,20:00,Chelsea,2.2,3–0,0.4,Luton Town,39893.0,Stamford Bridge,Robert Jones,2324,3,0
22,3,Sat,2023-08-26,12:30,Bournemouth,0.7,0–2,2.1,Tottenham,10567.0,Vitality Stadium,Tim Robinson,2324,0,2
23,3,Sat,2023-08-26,15:00,Everton,1.3,0–1,1.1,Wolves,38851.0,Goodison Park,Craig Pawson,2324,0,1
24,3,Sat,2023-08-26,15:00,Brentford,1.0,1–1,0.8,Crystal Palace,16997.0,Gtech Community Stadium,Peter Bankes,2324,1,1
25,3,Sat,2023-08-26,15:00,Manchester Utd,2.8,3–2,1.2,Nott'ham Forest,73595.0,Old Trafford,Stuart Attwell,2324,3,2
26,3,Sat,2023-08-26,15:00,Arsenal,3.2,2–2,0.6,Fulham,59961.0,Emirates Stadium,Paul Tierney,2324,2,2
27,3,Sat,2023-08-26,17:30,Brighton,1.5,1–3,3.0,West Ham,31508.0,The American Express Community Stadium,Anthony Taylor,2324,1,3
28,3,Sun,2023-08-27,14:00,Sheffield Utd,0.7,1–2,3.5,Manchester City,31336.0,Bramall Lane,Jarred Gillett,2324,1,2
29,3,Sun,2023-08-27,14:00,Burnley,0.7,1–3,2.5,Aston Villa,21591.0,Turf Moor,Michael Salisbury,2324,1,3
30,3,Sun,2023-08-27,16:30,Newcastle Utd,2.0,1–2,0.9,Liverpool,52214.0,St James' Park,John Brooks,2324,1,2
32,4,Fri,2023-09-01,20:00,Luton Town,1.4,1–2,1.0,West Ham,10802.0,Kenilworth Road Stadium,Paul Tierney,2324,1,2
33,4,Sat,2023-09-02,12:30,Sheffield Utd,1.2,2–2,2.5,Everton,31124.0,Bramall Lane,Andy Madley,2324,2,2
34,4,Sat,2023-09-02,15:00,Chelsea,2.3,0–1,0.8,Nott'ham Forest,39820.0,Stamford Bridge,Tim Robinson,2324,0,1
35,4,Sat,2023-09-02,15:00,Manchester City,2.2,5–1,1.4,Fulham,52899.0,Etihad Stadium,Michael Oliver,2324,5,1
36,4,Sat,2023-09-02,15:00,Brentford,2.9,2–2,2.1,Bournemouth,16973.0,Gtech Community Stadium,Robert Madley,2324,2,2
37,4,Sat,2023-09-02,15:00,Burnley,1.3,2–5,2.2,Tottenham,21750.0,Turf Moor,Darren England,2324,2,5
38,4,Sat,2023-09-02,17:30,Brighton,1.3,3–1,1.2,Newcastle Utd,31620.0,The American Express Community Stadium,Stuart Attwell,2324,3,1
39,4,Sun,2023-09-03,14:00,Liverpool,2.5,3–0,0.7,Aston Villa,50109.0,Anfield,Simon Hooper,2324,3,0
40,4,Sun,2023-09-03,14:00,Crystal Palace,2.1,3–2,1.2,Wolves,24741.0,Selhurst Park,Robert Jones,2324,3,2
41,4,Sun,2023-09-03,16:30,Arsenal,2.3,3–1,0.9,Manchester Utd,60192.0,Emirates Stadium,Anthony Taylor,2324,3,1
43,5,Sat,2023-09-16,12:30,Wolves,0.6,1–3,2.5,Liverpool,31257.0,Molineux Stadium,Michael Oliver,2324,1,3
44,5,Sat,2023-09-16,15:00,Fulham,1.0,1–0,1.1,Luton Town,24467.0,Craven Cottage,Michael Salisbury,2324,1,0
45,5,Sat,2023-09-16,15:00,West Ham,0.9,1–3,3.6,Manchester City,62475.0,London Stadium,Andy Madley,2324,1,3
46,5,Sat,2023-09-16,15:00,Aston Villa,3.0,3–1,1.2,Crystal Palace,40809.0,Villa Park,Darren England,2324,3,1
47,5,Sat,2023-09-16,15:00,Manchester Utd,1.0,1–3,1.7,Brighton,73592.0,Old Trafford,Jarred Gillett,2324,1,3
48,5,Sat,2023-09-16,15:00,Tottenham,2.1,2–1,0.7,Sheffield Utd,61706.0,Tottenham Hotspur Stadium,Peter Bankes,2324,2,1
49,5,Sat,2023-09-16,17:30,Newcastle Utd,1.4,1–0,0.5,Brentford,51670.0,St James' Park,Craig Pawson,2324,1,0
50,5,Sun,2023-09-17,14:00,Bournemouth,1.0,0–0,1.8,Chelsea,10421.0,Vitality Stadium,David Coote,2324,0,0
51,5,Sun,2023-09-17,16:30,Everton,0.3,0–1,1.0,Arsenal,39217.0,Goodison Park,Simon Hooper,2324,0,1
52,5,Mon,2023-09-18,19:45,Nott'ham Forest,0.7,1–1,0.5,Burnley,28958.0,The City Ground,Robert Jones,2324,1,1
54,6,Sat,2023-09-23,15:00,Manchester City,1.3,2–0,1.0,Nott'ham Forest,53413.0,Etihad Stadium,Anthony Taylor,2324,2,0
55,6,Sat,2023-09-23,15:00,Luton Town,2.1,1–1,0.6,Wolves,10893.0,Kenilworth Road Stadium,Joshua Smith,2324,1,1
56,6,Sat,2023-09-23,15:00,Crystal Palace,0.3,0–0,0.6,Fulham,25072.0,Selhurst Park,Paul Tierney,2324,0,0
57,6,Sat,2023-09-23,17:30,Brentford,1.0,1–3,1.9,Everton,16981.0,Gtech Community Stadium,Michael Oliver,2324,1,3
58,6,Sat,2023-09-23,20:00,Burnley,1.1,0–1,1.0,Manchester Utd,21593.0,Turf Moor,Tony Harrington,2324,0,1
59,6,Sun,2023-09-24,14:00,Arsenal,1.8,2–2,1.4,Tottenham,60156.0,Emirates Stadium,Robert Jones,2324,2,2
60,6,Sun,2023-09-24,14:00,Brighton,1.9,3–1,1.1,Bournemouth,31617.0,The American Express Community Stadium,John Brooks,2324,3,1
61,6,Sun,2023-09-24,14:00,Chelsea,1.3,0–1,1.0,Aston Villa,39700.0,Stamford Bridge,Jarred Gillett,2324,0,1
62,6,Sun,2023-09-24,14:00,Liverpool,3.0,3–1,1.1,West Ham,50136.0,Anfield,Chris Kavanagh,2324,3,1
63,6,Sun,2023-09-24,16:30,Sheffield Utd,0.9,0–8,3.9,Newcastle Utd,31127.0,Bramall Lane,Stuart Attwell,2324,0,8
65,7,Sat,2023-09-30,12:30,Aston Villa,1.6,6–1,1.7,Brighton,40636.0,Villa Park,Andy Madley,2324,6,1
66,7,Sat,2023-09-30,15:00,Wolves,0.4,2–1,0.9,Manchester City,31415.0,Molineux Stadium,Craig Pawson,2324,2,1
67,7,Sat,2023-09-30,15:00,Bournemouth,0.6,0–4,3.4,Arsenal,11193.0,Vitality Stadium,Michael Salisbury,2324,0,4
68,7,Sat,2023-09-30,15:00,Everton,2.9,1–2,0.9,Luton Town,39289.0,Goodison Park,Anthony Taylor,2324,1,2
69,7,Sat,2023-09-30,15:00,Newcastle Utd,3.1,2–0,0.6,Burnley,51687.0,St James' Park,Thomas Bramall,2324,2,0
70,7,Sat,2023-09-30,15:00,West Ham,2.1,2–0,1.1,Sheffield Utd,62459.0,London Stadium,Graham Scott,2324,2,0
71,7,Sat,2023-09-30,15:00,Manchester Utd,1.3,0–1,0.9,Crystal Palace,73428.0,Old Trafford,Chris Kavanagh,2324,0,1
72,7,Sat,2023-09-30,17:30,Tottenham,2.2,2–1,1.3,Liverpool,62001.0,Tottenham Hotspur Stadium,Simon Hooper,2324,2,1
73,7,Sun,2023-10-01,14:00,Nott'ham Forest,0.5,1–1,1.6,Brentford,29004.0,The City Ground,Paul Tierney,2324,1,1
74,7,Mon,2023-10-02,20:00,Fulham,1.1,0–2,1.7,Chelsea,24445.0,Craven Cottage,Tim Robinson,2324,0,2
76,2,Tue,2023-10-03,19:30,Luton Town,1.3,1–2,1.1,Burnley,10918.0,Kenilworth Road Stadium,Peter Bankes,2324,1,2
78,8,Sat,2023-10-07,12:30,Luton Town,0.8,0–1,1.9,Tottenham,10290.0,Kenilworth Road Stadium,John Brooks,2324,0,1
79,8,Sat,2023-10-07,15:00,Everton,2.4,3–0,0.7,Bournemouth,38815.0,Goodison Park,David Coote,2324,3,0
80,8,Sat,2023-10-07,15:00,Manchester Utd,1.4,2–1,0.9,Brentford,73453.0,Old Trafford,Andy Madley,2324,2,1
81,8,Sat,2023-10-07,15:00,Burnley,0.7,1–4,1.9,Chelsea,21654.0,Turf Moor,Stuart Attwell,2324,1,4
82,8,Sat,2023-10-07,15:00,Fulham,2.2,3–1,0.6,Sheffield Utd,24361.0,Craven Cottage,Samuel Barrott,2324,3,1
83,8,Sat,2023-10-07,17:30,Crystal Palace,0.8,0–0,1.0,Nott'ham Forest,25017.0,Selhurst Park,Craig Pawson,2324,0,0
84,8,Sun,2023-10-08,14:00,West Ham,1.2,2–2,2.0,Newcastle Utd,62473.0,London Stadium,Peter Bankes,2324,2,2
85,8,Sun,2023-10-08,14:00,Wolves,1.7,1–1,1.6,Aston Villa,31425.0,Molineux Stadium,Robert Jones,2324,1,1
86,8,Sun,2023-10-08,14:00,Brighton,2.3,2–2,2.3,Liverpool,31752.0,The American Express Community Stadium,Anthony Taylor,2324,2,2
87,8,Sun,2023-10-08,16:30,Arsenal,0.4,1–0,0.5,Manchester City,60233.0,Emirates Stadium,Michael Oliver,2324,1,0
89,9,Sat,2023-10-21,12:30,Liverpool,2.2,2–0,0.1,Everton,50201.0,Anfield,Craig Pawson,2324,2,0
90,9,Sat,2023-10-21,15:00,Bournemouth,0.6,1–2,2.4,Wolves,11175.0,Vitality Stadium,Paul Tierney,2324,1,2
91,9,Sat,2023-10-21,15:00,Newcastle Utd,2.4,4–0,1.2,Crystal Palace,52189.0,St James' Park,Tim Robinson,2324,4,0
92,9,Sat,2023-10-21,15:00,Brentford,3.1,3–0,1.1,Burnley,17029.0,Gtech Community Stadium,Joshua Smith,2324,3,0
93,9,Sat,2023-10-21,15:00,Manchester City,0.8,2–1,0.8,Brighton,53466.0,Etihad Stadium,Robert Jones,2324,2,1
94,9,Sat,2023-10-21,15:00,Nott'ham Forest,2.9,2–2,1.7,Luton Town,29361.0,The City Ground,Samuel Barrott,2324,2,2
95,9,Sat,2023-10-21,17:30,Chelsea,1.3,2–2,1.0,Arsenal,39723.0,Stamford Bridge,Chris Kavanagh,2324,2,2
96,9,Sat,2023-10-21,20:00,Sheffield Utd,1.4,1–2,1.1,Manchester Utd,31543.0,Bramall Lane,Michael Oliver,2324,1,2
97,9,Sun,2023-10-22,16:30,Aston Villa,1.9,4–1,1.1,West Ham,41734.0,Villa Park,David Coote,2324,4,1
98,9,Mon,2023-10-23,20:00,Tottenham,1.5,2–0,1.0,Fulham,61286.0,Tottenham Hotspur Stadium,Anthony Taylor,2324,2,0
100,10,Fri,2023-10-27,20:00,Crystal Palace,0.6,1–2,1.1,Tottenham,25074.0,Selhurst Park,Andy Madley,2324,1,2
101,10,Sat,2023-10-28,12:30,Chelsea,1.9,0–2,2.2,Brentford,39575.0,Stamford Bridge,Simon Hooper,2324,0,2
102,10,Sat,2023-10-28,15:00,Bournemouth,1.1,2–1,0.8,Burnley,11152.0,Vitality Stadium,Samuel Barrott,2324,2,1
103,10,Sat,2023-10-28,15:00,Arsenal,2.8,5–0,0.0,Sheffield Utd,60153.0,Emirates Stadium,Tim Robinson,2324,5,0
104,10,Sat,2023-10-28,17:30,Wolves,0.9,2–2,2.2,Newcastle Utd,31584.0,Molineux Stadium,Anthony Taylor,2324,2,2
105,10,Sun,2023-10-29,13:00,West Ham,0.7,0–1,0.8,Everton,62469.0,London Stadium,Stuart Attwell,2324,0,1
106,10,Sun,2023-10-29,14:00,Liverpool,3.2,3–0,0.4,Nott'ham Forest,50143.0,Anfield,Chris Kavanagh,2324,3,0
107,10,Sun,2023-10-29,14:00,Brighton,1.4,1–1,0.7,Fulham,31550.0,The American Express Community Stadium,Michael Salisbury,2324,1,1
108,10,Sun,2023-10-29,14:00,Aston Villa,2.3,3–1,0.5,Luton Town,41785.0,Villa Park,John Brooks,2324,3,1
109,10,Sun,2023-10-29,15:30,Manchester Utd,0.9,0–3,4.0,Manchester City,73502.0,Old Trafford,Paul Tierney,2324,0,3
111,11,Sat,2023-11-04,12:30,Fulham,1.0,0–1,0.7,Manchester Utd,24415.0,Craven Cottage,John Brooks,2324,0,1
112,11,Sat,2023-11-04,15:00,Brentford,1.5,3–2,1.8,West Ham,17103.0,Gtech Community Stadium,Thomas Bramall,2324,3,2
113,11,Sat,2023-11-04,15:00,Everton,0.7,1–1,0.5,Brighton,38683.0,Goodison Park,Tim Robinson,2324,1,1
114,11,Sat,2023-11-04,15:00,Burnley,1.1,0–2,1.3,Crystal Palace,21578.0,Turf Moor,Peter Bankes,2324,0,2
115,11,Sat,2023-11-04,15:00,Manchester City,1.9,6–1,0.9,Bournemouth,53358.0,Etihad Stadium,Craig Pawson,2324,6,1
116,11,Sat,2023-11-04,15:00,Sheffield Utd,1.0,2–1,1.2,Wolves,29454.0,Bramall Lane,Robert Jones,2324,2,1
117,11,Sat,2023-11-04,17:30,Newcastle Utd,1.0,1–0,0.6,Arsenal,52194.0,St James' Park,Stuart Attwell,2324,1,0
118,11,Sun,2023-11-05,14:00,Nott'ham Forest,0.4,2–0,1.2,Aston Villa,29313.0,The City Ground,Jarred Gillett,2324,2,0
119,11,Sun,2023-11-05,16:30,Luton Town,0.8,1–1,2.6,Liverpool,11049.0,Kenilworth Road Stadium,Andy Madley,2324,1,1
120,11,Mon,2023-11-06,20:00,Tottenham,0.9,1–4,4.1,Chelsea,61726.0,Tottenham Hotspur Stadium,Michael Oliver,2324,1,4
122,12,Sat,2023-11-11,12:30,Wolves,2.1,2–1,0.7,Tottenham,31642.0,Molineux Stadium,Tim Robinson,2324,2,1
123,12,Sat,2023-11-11,15:00,Arsenal,1.8,3–1,0.3,Burnley,60232.0,Emirates Stadium,Michael Oliver,2324,3,1
124,12,Sat,2023-11-11,15:00,Manchester Utd,2.2,1–0,0.4,Luton Town,73599.0,Old Trafford,Graham Scott,2324,1,0
125,12,Sat,2023-11-11,15:00,Crystal Palace,2.2,2–3,1.5,Everton,25103.0,Selhurst Park,Samuel Barrott,2324,2,3
126,12,Sat,2023-11-11,17:30,Bournemouth,2.4,2–0,0.5,Newcastle Utd,11201.0,Vitality Stadium,Chris Kavanagh,2324,2,0
127,12,Sun,2023-11-12,14:00,West Ham,1.8,3–2,1.7,Nott'ham Forest,62470.0,London Stadium,Michael Salisbury,2324,3,2
128,12,Sun,2023-11-12,14:00,Liverpool,1.7,3–0,1.6,Brentford,50151.0,Anfield,Paul Tierney,2324,3,0
129,12,Sun,2023-11-12,14:00,Aston Villa,3.0,3–1,0.9,Fulham,41608.0,Villa Park,Simon Hooper,2324,3,1
130,12,Sun,2023-11-12,14:00,Brighton,1.5,1–1,1.1,Sheffield Utd,31367.0,The American Express Community Stadium,John Brooks,2324,1,1
131,12,Sun,2023-11-12,16:30,Chelsea,2.9,4–4,2.9,Manchester City,39532.0,Stamford Bridge,Anthony Taylor,2324,4,4
133,13,Sat,2023-11-25,12:30,Manchester City,1.3,1–1,0.6,Liverpool,53289.0,Etihad Stadium,Chris Kavanagh,2324,1,1
134,13,Sat,2023-11-25,15:00,Burnley,1.3,1–2,0.9,West Ham,21319.0,Turf Moor,Samuel Barrott,2324,1,2
135,13,Sat,2023-11-25,15:00,Nott'ham Forest,1.9,2–3,1.3,Brighton,29404.0,The City Ground,Anthony Taylor,2324,2,3
136,13,Sat,2023-11-25,15:00,Sheffield Utd,0.8,1–3,2.9,Bournemouth,30208.0,Bramall Lane,Andy Madley,2324,1,3
137,13,Sat,2023-11-25,15:00,Newcastle Utd,2.4,4–1,0.5,Chelsea,52227.0,St James' Park,Simon Hooper,2324,4,1
138,13,Sat,2023-11-25,15:00,Luton Town,0.9,2–1,1.6,Crystal Palace,11029.0,Kenilworth Road Stadium,Jarred Gillett,2324,2,1
139,13,Sat,2023-11-25,17:30,Brentford,1.1,0–1,1.6,Arsenal,17201.0,Gtech Community Stadium,Tim Robinson,2324,0,1
140,13,Sun,2023-11-26,14:00,Tottenham,2.3,1–2,1.7,Aston Villa,61679.0,Tottenham Hotspur Stadium,Robert Jones,2324,1,2
141,13,Sun,2023-11-26,16:30,Everton,2.4,0–3,2.2,Manchester Utd,39257.0,Goodison Park,John Brooks,2324,0,3
142,13,Mon,2023-11-27,20:00,Fulham,2.9,3–2,1.4,Wolves,24366.0,Craven Cottage,Michael Salisbury,2324,3,2
144,14,Sat,2023-12-02,15:00,Brentford,3.1,3–1,0.2,Luton Town,17075.0,Gtech Community Stadium,Anthony Taylor,2324,3,1
145,14,Sat,2023-12-02,15:00,Arsenal,2.8,2–1,0.7,Wolves,60262.0,Emirates Stadium,Peter Bankes,2324,2,1
146,14,Sat,2023-12-02,15:00,Burnley,1.8,5–0,0.4,Sheffield Utd,21478.0,Turf Moor,Chris Kavanagh,2324,5,0
147,14,Sat,2023-12-02,17:30,Nott'ham Forest,0.7,0–1,0.7,Everton,29404.0,The City Ground,Paul Tierney,2324,0,1
148,14,Sat,2023-12-02,20:00,Newcastle Utd,2.4,1–0,0.5,Manchester Utd,52214.0,St James' Park,Robert Jones,2324,1,0
149,14,Sun,2023-12-03,14:00,Bournemouth,2.0,2–2,0.7,Aston Villa,11191.0,Vitality Stadium,Thomas Bramall,2324,2,2
150,14,Sun,2023-12-03,14:00,Liverpool,2.1,4–3,1.2,Fulham,50124.0,Anfield,Stuart Attwell,2324,4,3
151,14,Sun,2023-12-03,14:00,Chelsea,2.1,3–2,1.1,Brighton,39647.0,Stamford Bridge,Craig Pawson,2324,3,2
152,14,Sun,2023-12-03,14:00,West Ham,1.1,1–1,0.9,Crystal Palace,62414.0,London Stadium,Michael Oliver,2324,1,1
153,14,Sun,2023-12-03,16:30,Manchester City,2.6,3–3,0.5,Tottenham,53473.0,Etihad Stadium,Simon Hooper,2324,3,3
155,15,Tue,2023-12-05,19:30,Wolves,0.8,1–0,0.9,Burnley,30439.0,Molineux Stadium,Jarred Gillett,2324,1,0
156,15,Tue,2023-12-05,20:15,Luton Town,0.5,3–4,2.2,Arsenal,11031.0,Kenilworth Road Stadium,Samuel Barrott,2324,3,4
157,15,Wed,2023-12-06,19:30,Sheffield Utd,1.0,0–2,1.7,Liverpool,31406.0,Bramall Lane,Simon Hooper,2324,0,2
158,15,Wed,2023-12-06,19:30,Crystal Palace,1.0,0–2,1.8,Bournemouth,25078.0,Selhurst Park,Craig Pawson,2324,0,2
159,15,Wed,2023-12-06,19:30,Brighton,1.5,2–1,1.5,Brentford,31571.0,The American Express Community Stadium,Peter Bankes,2324,2,1
160,15,Wed,2023-12-06,19:30,Fulham,2.5,5–0,0.3,Nott'ham Forest,24105.0,Craven Cottage,Joshua Smith,2324,5,0
161,15,Wed,2023-12-06,20:15,Aston Villa,2.3,1–0,0.6,Manchester City,41421.0,Villa Park,John Brooks,2324,1,0
162,15,Wed,2023-12-06,20:15,Manchester Utd,4.1,2–1,1.5,Chelsea,73607.0,Old Trafford,Chris Kavanagh,2324,2,1
163,15,Thu,2023-12-07,19:30,Everton,3.3,3–0,1.5,Newcastle Utd,38198.0,Goodison Park,Tim Robinson,2324,3,0
164,15,Thu,2023-12-07,20:15,Tottenham,1.8,1–2,2.2,West Ham,61171.0,Tottenham Hotspur Stadium,Michael Salisbury,2324,1,2
166,16,Sat,2023-12-09,12:30,Crystal Palace,1.7,1–2,1.2,Liverpool,25103.0,Selhurst Park,Andy Madley,2324,1,2
167,16,Sat,2023-12-09,15:00,Manchester Utd,1.1,0–3,1.5,Bournemouth,73427.0,Old Trafford,Peter Bankes,2324,0,3
168,16,Sat,2023-12-09,15:00,Wolves,1.2,1–1,1.3,Nott'ham Forest,31543.0,Molineux Stadium,Samuel Barrott,2324,1,1
169,16,Sat,2023-12-09,15:00,Brighton,2.6,1–1,0.6,Burnley,31511.0,The American Express Community Stadium,Simon Hooper,2324,1,1
170,16,Sat,2023-12-09,15:00,Sheffield Utd,0.8,1–0,0.6,Brentford,28509.0,Bramall Lane,Stuart Attwell,2324,1,0
171,16,Sat,2023-12-09,17:30,Aston Villa,0.6,1–0,1.4,Arsenal,42000.0,Villa Park,Jarred Gillett,2324,1,0
172,16,Sun,2023-12-10,14:00,Everton,1.2,2–0,0.9,Chelsea,39280.0,Goodison Park,Michael Oliver,2324,2,0
173,16,Sun,2023-12-10,14:00,Fulham,2.3,5–0,1.3,West Ham,23988.0,Craven Cottage,Paul Tierney,2324,5,0
174,16,Sun,2023-12-10,14:00,Luton Town,0.3,1–2,1.6,Manchester City,11047.0,Kenilworth Road Stadium,Tim Robinson,2324,1,2
175,16,Sun,2023-12-10,16:30,Tottenham,3.8,4–1,1.7,Newcastle Utd,61171.0,Tottenham Hotspur Stadium,Chris Kavanagh,2324,4,1
177,17,Fri,2023-12-15,20:00,Nott'ham Forest,1.3,0–2,1.5,Tottenham,29296.0,The City Ground,Jarred Gillett,2324,0,2
178,17,Sat,2023-12-16,15:00,Manchester City,1.6,2–2,1.8,Crystal Palace,53248.0,Etihad Stadium,Paul Tierney,2324,2,2
179,17,Sat,2023-12-16,15:00,Chelsea,3.1,2–0,0.4,Sheffield Utd,39599.0,Stamford Bridge,Andy Madley,2324,2,0
180,17,Sat,2023-12-16,15:00,Newcastle Utd,3.5,3–0,0.3,Fulham,52055.0,St James' Park,Samuel Barrott,2324,3,0
181,17,Sat,2023-12-16,17:30,Burnley,0.7,0–2,1.4,Everton,21413.0,Turf Moor,Anthony Taylor,2324,0,2
182,17,Sun,2023-12-17,14:00,Brentford,0.5,1–2,1.4,Aston Villa,17034.0,Gtech Community Stadium,David Coote,2324,1,2
183,17,Sun,2023-12-17,14:00,West Ham,1.1,3–0,0.7,Wolves,62455.0,London Stadium,Chris Kavanagh,2324,3,0
184,17,Sun,2023-12-17,14:00,Arsenal,2.3,2–0,0.7,Brighton,60257.0,Emirates Stadium,Tim Robinson,2324,2,0
185,17,Sun,2023-12-17,16:30,Liverpool,2.3,0–0,0.8,Manchester Utd,57158.0,Anfield,Michael Oliver,2324,0,0
187,18,Thu,2023-12-21,20:00,Crystal Palace,1.3,1–1,1.2,Brighton,24171.0,Selhurst Park,John Brooks,2324,1,1
188,18,Fri,2023-12-22,20:00,Aston Villa,0.9,1–1,0.6,Sheffield Utd,41651.0,Villa Park,Anthony Taylor,2324,1,1
189,18,Sat,2023-12-23,12:30,West Ham,1.2,2–0,1.0,Manchester Utd,64472.0,London Stadium,Simon Hooper,2324,2,0
190,18,Sat,2023-12-23,15:00,Luton Town,1.4,1–0,1.4,Newcastle Utd,11042.0,Kenilworth Road Stadium,Darren England,2324,1,0
191,18,Sat,2023-12-23,15:00,Fulham,1.3,0–2,0.4,Burnley,23598.0,Craven Cottage,Rebecca Welch,2324,0,2
192,18,Sat,2023-12-23,15:00,Tottenham,1.5,2–1,1.8,Everton,61808.0,Tottenham Hotspur Stadium,Stuart Attwell,2324,2,1
193,18,Sat,2023-12-23,15:00,Nott'ham Forest,1.0,2–3,1.6,Bournemouth,29188.0,The City Ground,Robert Jones,2324,2,3
194,18,Sat,2023-12-23,17:30,Liverpool,1.0,1–1,0.7,Arsenal,57548.0,Anfield,Chris Kavanagh,2324,1,1
195,18,Sun,2023-12-24,13:00,Wolves,1.3,2–1,2.0,Chelsea,31641.0,Molineux Stadium,David Coote,2324,2,1
197,19,Tue,2023-12-26,12:30,Newcastle Utd,2.4,1–3,3.5,Nott'ham Forest,52207.0,St James' Park,Chris Kavanagh,2324,1,3
198,19,Tue,2023-12-26,15:00,Bournemouth,1.8,3–0,0.3,Fulham,11099.0,Vitality Stadium,Tim Robinson,2324,3,0
199,19,Tue,2023-12-26,15:00,Sheffield Utd,2.4,2–3,0.6,Luton Town,31041.0,Bramall Lane,Samuel Allison,2324,2,3
200,19,Tue,2023-12-26,17:30,Burnley,0.8,0–2,1.8,Liverpool,21624.0,Turf Moor,Paul Tierney,2324,0,2
201,19,Tue,2023-12-26,20:00,Manchester Utd,1.1,3–2,1.7,Aston Villa,73574.0,Old Trafford,Craig Pawson,2324,3,2
202,19,Wed,2023-12-27,19:30,Chelsea,2.6,2–1,1.1,Crystal Palace,39618.0,Stamford Bridge,Michael Salisbury,2324,2,1
203,19,Wed,2023-12-27,19:30,Brentford,2.2,1–4,2.4,Wolves,17109.0,Gtech Community Stadium,Andy Madley,2324,1,4
204,19,Wed,2023-12-27,20:15,Everton,1.0,1–3,2.4,Manchester City,39327.0,Goodison Park,John Brooks,2324,1,3
205,19,Thu,2023-12-28,19:30,Brighton,3.2,4–2,2.3,Tottenham,31675.0,The American Express Community Stadium,Jarred Gillett,2324,4,2
206,19,Thu,2023-12-28,20:15,Arsenal,2.7,0–2,1.4,West Ham,60261.0,Emirates Stadium,Michael Oliver,2324,0,2
208,20,Sat,2023-12-30,12:30,Luton Town,2.3,2–3,1.5,Chelsea,11041.0,Kenilworth Road Stadium,Paul Tierney,2324,2,3
209,20,Sat,2023-12-30,15:00,Aston Villa,3.2,3–2,1.2,Burnley,41613.0,Villa Park,Stuart Attwell,2324,3,2
210,20,Sat,2023-12-30,15:00,Wolves,1.9,3–0,0.4,Everton,31639.0,Molineux Stadium,Thomas Bramall,2324,3,0
211,20,Sat,2023-12-30,15:00,Manchester City,2.2,2–0,0.3,Sheffield Utd,53108.0,Etihad Stadium,David Coote,2324,2,0
212,20,Sat,2023-12-30,15:00,Crystal Palace,1.0,3–1,1.4,Brentford,25472.0,Selhurst Park,Robert Jones,2324,3,1
213,20,Sat,2023-12-30,17:30,Nott'ham Forest,0.7,2–1,0.8,Manchester Utd,29529.0,The City Ground,Tim Robinson,2324,2,1
214,20,Sun,2023-12-31,14:00,Tottenham,2.3,3–1,1.7,Bournemouth,61780.0,Tottenham Hotspur Stadium,Simon Hooper,2324,3,1
215,20,Sun,2023-12-31,14:00,Fulham,1.2,2–1,1.6,Arsenal,24444.0,Craven Cottage,Joshua Smith,2324,2,1
216,20,Mon,2024-01-01,20:00,Liverpool,7.0,4–2,0.6,Newcastle Utd,57471.0,Anfield,Anthony Taylor,2324,4,2
217,20,Tue,2024-01-02,19:30,West Ham,0.7,0–0,2.3,Brighton,62462.0,London Stadium,Samuel Barrott,2324,0,0
219,21,Fri,2024-01-12,19:45,Burnley,1.1,1–1,0.9,Luton Town,20155.0,Turf Moor,Tony Harrington,2324,1,1
220,21,Sat,2024-01-13,12:30,Chelsea,2.2,1–0,0.8,Fulham,39643.0,Stamford Bridge,Anthony Taylor,2324,1,0
221,21,Sat,2024-01-13,17:30,Newcastle Utd,1.3,2–3,3.0,Manchester City,52190.0,St James' Park,Chris Kavanagh,2324,2,3
222,21,Sun,2024-01-14,14:00,Everton,1.1,0–0,1.2,Aston Villa,39284.0,Goodison Park,David Coote,2324,0,0
223,21,Sun,2024-01-14,16:30,Manchester Utd,0.8,2–2,1.2,Tottenham,73489.0,Old Trafford,John Brooks,2324,2,2
224,21,Sat,2024-01-20,12:30,Arsenal,3.3,5–0,0.3,Crystal Palace,60284.0,Emirates Stadium,Paul Tierney,2324,5,0
225,21,Sat,2024-01-20,17:30,Brentford,1.2,3–2,1.2,Nott'ham Forest,17077.0,Gtech Community Stadium,Darren England,2324,3,2
226,21,Sun,2024-01-21,14:00,Sheffield Utd,2.5,2–2,2.3,West Ham,29164.0,Bramall Lane,Michael Salisbury,2324,2,2
227,21,Sun,2024-01-21,16:30,Bournemouth,1.4,0–4,1.5,Liverpool,11228.0,Vitality Stadium,Andy Madley,2324,0,4
228,21,Mon,2024-01-22,19:45,Brighton,1.0,0–0,1.1,Wolves,41505.0,The American Express Community Stadium,Craig Pawson,2324,0,0
230,22,Tue,2024-01-30,19:30,Nott'ham Forest,0.5,1–2,1.2,Arsenal,29387.0,The City Ground,Simon Hooper,2324,1,2
231,22,Tue,2024-01-30,19:45,Fulham,1.6,0–0,1.9,Everton,24376.0,Craven Cottage,Thomas Bramall,2324,0,0
232,22,Tue,2024-01-30,19:45,Luton Town,3.1,4–0,0.9,Brighton,10994.0,Kenilworth Road Stadium,Robert Jones,2324,4,0
233,22,Tue,2024-01-30,20:00,Crystal Palace,1.1,3–2,0.8,Sheffield Utd,24781.0,Selhurst Park,Tony Harrington,2324,3,2
234,22,Tue,2024-01-30,20:15,Aston Villa,1.4,1–3,2.6,Newcastle Utd,42191.0,Villa Park,John Brooks,2324,1,3
235,22,Wed,2024-01-31,19:30,Tottenham,2.9,3–2,1.6,Brentford,61210.0,Tottenham Hotspur Stadium,David Coote,2324,3,2
236,22,Wed,2024-01-31,19:30,Manchester City,1.7,3–1,1.4,Burnley,52143.0,Etihad Stadium,Samuel Barrott,2324,3,1
237,22,Wed,2024-01-31,20:15,Liverpool,2.9,4–1,0.6,Chelsea,57524.0,Anfield,Paul Tierney,2324,4,1
238,22,Thu,2024-02-01,19:30,West Ham,1.4,1–1,1.2,Bournemouth,62478.0,London Stadium,Tim Robinson,2324,1,1
239,22,Thu,2024-02-01,20:15,Wolves,2.1,3–4,3.3,Manchester Utd,31641.0,Molineux Stadium,Jarred Gillett,2324,3,4
241,23,Sat,2024-02-03,12:30,Everton,2.6,2–2,1.0,Tottenham,39321.0,Goodison Park,Michael Oliver,2324,2,2
242,23,Sat,2024-02-03,15:00,Newcastle Utd,2.3,4–4,2.4,Luton Town,52211.0,St James' Park,Thomas Bramall,2324,4,4
243,23,Sat,2024-02-03,15:00,Brighton,1.4,4–1,0.3,Crystal Palace,31345.0,The American Express Community Stadium,Simon Hooper,2324,4,1
244,23,Sat,2024-02-03,15:00,Burnley,1.8,2–2,1.5,Fulham,20203.0,Turf Moor,Darren Bond,2324,2,2
245,23,Sat,2024-02-03,17:30,Sheffield Utd,1.4,0–5,2.2,Aston Villa,30187.0,Bramall Lane,Paul Tierney,2324,0,5
246,23,Sun,2024-02-04,14:00,Bournemouth,1.3,1–1,0.5,Nott'ham Forest,11200.0,Vitality Stadium,Rebecca Welch,2324,1,1
247,23,Sun,2024-02-04,14:00,Manchester Utd,0.7,3–0,1.4,West Ham,73612.0,Old Trafford,Andy Madley,2324,3,0
248,23,Sun,2024-02-04,14:00,Chelsea,1.7,2–4,2.0,Wolves,39628.0,Stamford Bridge,Tim Robinson,2324,2,4
249,23,Sun,2024-02-04,16:30,Arsenal,3.5,3–1,0.4,Liverpool,60374.0,Emirates Stadium,Anthony Taylor,2324,3,1
250,23,Mon,2024-02-05,20:00,Brentford,1.0,1–3,2.1,Manchester City,17096.0,Gtech Community Stadium,Jarred Gillett,2324,1,3
252,24,Sat,2024-02-10,12:30,Manchester City,1.6,2–0,0.3,Everton,52187.0,Etihad Stadium,John Brooks,2324,2,0
253,24,Sat,2024-02-10,15:00,Luton Town,1.8,1–3,1.7,Sheffield Utd,11138.0,Kenilworth Road Stadium,Chris Kavanagh,2324,1,3
254,24,Sat,2024-02-10,15:00,Liverpool,2.8,3–1,1.3,Burnley,59896.0,Anfield,Tim Robinson,2324,3,1
255,24,Sat,2024-02-10,15:00,Wolves,1.0,0–2,1.9,Brentford,30731.0,Molineux Stadium,Simon Hooper,2324,0,2
256,24,Sat,2024-02-10,15:00,Fulham,1.6,3–1,1.8,Bournemouth,24271.0,Craven Cottage,Darren England,2324,3,1
257,24,Sat,2024-02-10,15:00,Tottenham,1.6,2–1,1.2,Brighton,61445.0,Tottenham Hotspur Stadium,Samuel Barrott,2324,2,1
258,24,Sat,2024-02-10,17:30,Nott'ham Forest,1.5,2–3,0.5,Newcastle Utd,29451.0,The City Ground,Anthony Taylor,2324,2,3
259,24,Sun,2024-02-11,14:00,West Ham,0.2,0–6,3.6,Arsenal,62475.0,London Stadium,Craig Pawson,2324,0,6
260,24,Sun,2024-02-11,16:30,Aston Villa,2.4,1–2,1.8,Manchester Utd,42185.0,Villa Park,Robert Jones,2324,1,2
261,24,Mon,2024-02-12,20:00,Crystal Palace,0.6,1–3,1.4,Chelsea,25110.0,Selhurst Park,Michael Oliver,2324,1,3
263,25,Sat,2024-02-17,12:30,Brentford,1.6,1–4,2.8,Liverpool,17193.0,Gtech Community Stadium,Michael Oliver,2324,1,4
264,25,Sat,2024-02-17,15:00,Newcastle Utd,2.2,2–2,2.2,Bournemouth,52224.0,St James' Park,Michael Salisbury,2324,2,2
265,25,Sat,2024-02-17,15:00,Tottenham,1.6,1–2,1.8,Wolves,61532.0,Tottenham Hotspur Stadium,Anthony Taylor,2324,1,2
266,25,Sat,2024-02-17,15:00,Burnley,0.3,0–5,2.3,Arsenal,21311.0,Turf Moor,Jarred Gillett,2324,0,5
267,25,Sat,2024-02-17,15:00,Fulham,1.5,1–2,1.5,Aston Villa,24401.0,Craven Cottage,Lewis Smith,2324,1,2
268,25,Sat,2024-02-17,15:00,Nott'ham Forest,2.8,2–0,0.5,West Ham,29490.0,The City Ground,Thomas Bramall,2324,2,0
269,25,Sat,2024-02-17,17:30,Manchester City,2.6,1–1,1.4,Chelsea,52178.0,Etihad Stadium,Andy Madley,2324,1,1
270,25,Sun,2024-02-18,14:00,Sheffield Utd,0.6,0–5,2.9,Brighton,29522.0,Bramall Lane,Stuart Attwell,2324,0,5
271,25,Sun,2024-02-18,16:30,Luton Town,1.8,1–2,2.9,Manchester Utd,11483.0,Kenilworth Road Stadium,David Coote,2324,1,2
272,25,Mon,2024-02-19,20:00,Everton,1.7,1–1,0.7,Crystal Palace,38164.0,Goodison Park,Paul Tierney,2324,1,1
274,18,Tue,2024-02-20,19:30,Manchester City,2.3,1–0,0.4,Brentford,52247.0,Etihad Stadium,Darren England,2324,1,0
276,26,Wed,2024-02-21,19:30,Liverpool,3.3,4–1,0.9,Luton Town,59713.0,Anfield,Andy Madley,2324,4,1
277,26,Sat,2024-02-24,15:00,Manchester Utd,1.7,1–2,1.2,Fulham,73487.0,Old Trafford,Michael Oliver,2324,1,2
278,26,Sat,2024-02-24,15:00,Crystal Palace,2.4,3–0,0.1,Burnley,24042.0,Selhurst Park,Lewis Smith,2324,3,0
279,26,Sat,2024-02-24,15:00,Brighton,1.4,1–1,0.3,Everton,41646.0,The American Express Community Stadium,Tony Harrington,2324,1,1
280,26,Sat,2024-02-24,15:00,Aston Villa,3.6,4–2,2.6,Nott'ham Forest,42131.0,Villa Park,Samuel Barrott,2324,4,2
281,26,Sat,2024-02-24,17:30,Bournemouth,0.9,0–1,1.6,Manchester City,11184.0,Vitality Stadium,Jarred Gillett,2324,0,1
282,26,Sat,2024-02-24,20:00,Arsenal,2.8,4–1,0.2,Newcastle Utd,60298.0,Emirates Stadium,Paul Tierney,2324,4,1
283,26,Sun,2024-02-25,13:30,Wolves,1.3,1–0,0.6,Sheffield Utd,30789.0,Molineux Stadium,Darren Bond,2324,1,0
284,26,Mon,2024-02-26,20:00,West Ham,1.7,4–2,0.9,Brentford,62450.0,London Stadium,Simon Hooper,2324,4,2
286,27,Sat,2024-03-02,15:00,Fulham,1.3,3–0,1.3,Brighton,24460.0,Craven Cottage,Simon Hooper,2324,3,0
287,27,Sat,2024-03-02,15:00,Tottenham,1.9,3–1,0.3,Crystal Palace,61339.0,Tottenham Hotspur Stadium,John Brooks,2324,3,1
288,27,Sat,2024-03-02,15:00,Brentford,1.8,2–2,1.8,Chelsea,17140.0,Gtech Community Stadium,Jarred Gillett,2324,2,2
289,27,Sat,2024-03-02,15:00,Newcastle Utd,2.1,3–0,0.8,Wolves,52206.0,St James' Park,Tim Robinson,2324,3,0
290,27,Sat,2024-03-02,15:00,Nott'ham Forest,1.0,0–1,2.0,Liverpool,29603.0,The City Ground,Paul Tierney,2324,0,1
291,27,Sat,2024-03-02,15:00,Everton,2.7,1–3,1.9,West Ham,39262.0,Goodison Park,Craig Pawson,2324,1,3
292,27,Sat,2024-03-02,17:30,Luton Town,1.8,2–3,1.9,Aston Villa,11594.0,Kenilworth Road Stadium,Michael Oliver,2324,2,3
293,27,Sun,2024-03-03,13:00,Burnley,1.5,0–2,1.1,Bournemouth,19713.0,Turf Moor,David Coote,2324,0,2
294,27,Sun,2024-03-03,15:30,Manchester City,3.3,3–1,0.2,Manchester Utd,53514.0,Etihad Stadium,Andy Madley,2324,3,1
295,27,Mon,2024-03-04,20:00,Sheffield Utd,0.2,0–6,2.3,Arsenal,29157.0,Bramall Lane,Samuel Barrott,2324,0,6
297,28,Sat,2024-03-09,12:30,Manchester Utd,2.7,2–0,1.6,Everton,73601.0,Old Trafford,Simon Hooper,2324,2,0
298,28,Sat,2024-03-09,15:00,Bournemouth,3.3,2–2,1.2,Sheffield Utd,11074.0,Vitality Stadium,Anthony Taylor,2324,2,2
299,28,Sat,2024-03-09,15:00,Wolves,0.8,2–1,2.6,Fulham,30860.0,Molineux Stadium,Tony Harrington,2324,2,1
300,28,Sat,2024-03-09,15:00,Crystal Palace,2.7,1–1,0.8,Luton Town,25103.0,Selhurst Park,Sunny Singh,2324,1,1
301,28,Sat,2024-03-09,17:30,Arsenal,1.3,2–1,1.0,Brentford,60331.0,Emirates Stadium,Robert Jones,2324,2,1
302,28,Sun,2024-03-10,13:00,Aston Villa,0.8,0–4,1.5,Tottenham,42310.0,Villa Park,Chris Kavanagh,2324,0,4
303,28,Sun,2024-03-10,14:00,West Ham,2.1,2–2,0.7,Burnley,62441.0,London Stadium,Darren England,2324,2,2
304,28,Sun,2024-03-10,14:00,Brighton,0.4,1–0,0.7,Nott'ham Forest,31505.0,The American Express Community Stadium,Michael Salisbury,2324,1,0
305,28,Sun,2024-03-10,15:45,Liverpool,2.7,1–1,1.6,Manchester City,59947.0,Anfield,Michael Oliver,2324,1,1
306,28,Mon,2024-03-11,20:00,Chelsea,1.6,3–2,0.7,Newcastle Utd,37753.0,Stamford Bridge,John Brooks,2324,3,2
308,17,Wed,2024-03-13,19:30,Bournemouth,2.3,4–3,2.0,Luton Town,11198.0,Vitality Stadium,Samuel Allison,2324,4,3
310,29,Sat,2024-03-16,15:00,Luton Town,0.6,1–1,2.0,Nott'ham Forest,11630.0,Kenilworth Road Stadium,Darren England,2324,1,1
311,29,Sat,2024-03-16,15:00,Burnley,2.8,2–1,1.1,Brentford,20431.0,Turf Moor,Darren Bond,2324,2,1
312,29,Sat,2024-03-16,17:30,Fulham,2.6,3–0,2.4,Tottenham,24410.0,Craven Cottage,Robert Jones,2324,3,0
313,29,Sun,2024-03-17,14:00,West Ham,2.0,1–1,0.7,Aston Villa,62461.0,London Stadium,Jarred Gillett,2324,1,1
315,30,Sat,2024-03-30,12:30,Newcastle Utd,4.1,4–3,1.4,West Ham,52199.0,St James' Park,Robert Jones,2324,4,3
316,30,Sat,2024-03-30,15:00,Bournemouth,1.3,2–1,1.0,Everton,11207.0,Vitality Stadium,Samuel Barrott,2324,2,1
317,30,Sat,2024-03-30,15:00,Tottenham,2.9,2–1,0.5,Luton Town,61534.0,Tottenham Hotspur Stadium,Jarred Gillett,2324,2,1
318,30,Sat,2024-03-30,15:00,Nott'ham Forest,0.9,1–1,1.2,Crystal Palace,29520.0,The City Ground,Chris Kavanagh,2324,1,1
319,30,Sat,2024-03-30,15:00,Sheffield Utd,1.9,3–3,1.3,Fulham,30010.0,Bramall Lane,Tim Robinson,2324,3,3
320,30,Sat,2024-03-30,15:00,Chelsea,4.2,2–2,1.6,Burnley,39535.0,Stamford Bridge,Darren England,2324,2,2
321,30,Sat,2024-03-30,17:30,Aston Villa,1.0,2–0,1.5,Wolves,42640.0,Villa Park,Paul Tierney,2324,2,0
322,30,Sat,2024-03-30,20:00,Brentford,3.2,1–1,0.6,Manchester Utd,17138.0,Gtech Community Stadium,Simon Hooper,2324,1,1
323,30,Sun,2024-03-31,14:00,Liverpool,2.8,2–1,0.5,Brighton,60061.0,Anfield,David Coote,2324,2,1
324,30,Sun,2024-03-31,16:30,Manchester City,1.0,0–0,0.7,Arsenal,52178.0,Etihad Stadium,Anthony Taylor,2324,0,0
326,31,Tue,2024-04-02,19:30,Newcastle Utd,2.4,1–1,1.4,Everton,52135.0,St James' Park,Tony Harrington,2324,1,1
327,31,Tue,2024-04-02,19:30,Nott'ham Forest,1.5,3–1,1.5,Fulham,28997.0,The City Ground,Michael Oliver,2324,3,1
328,31,Tue,2024-04-02,19:45,Bournemouth,1.1,1–0,0.2,Crystal Palace,11058.0,Vitality Stadium,Graham Scott,2324,1,0
329,31,Tue,2024-04-02,19:45,Burnley,1.3,1–1,0.9,Wolves,21528.0,Turf Moor,Thomas Bramall,2324,1,1
330,31,Tue,2024-04-02,20:15,West Ham,1.5,1–1,1.0,Tottenham,62469.0,London Stadium,John Brooks,2324,1,1
331,31,Wed,2024-04-03,19:30,Arsenal,0.7,2–0,0.3,Luton Town,60262.0,Emirates Stadium,Craig Pawson,2324,2,0
332,31,Wed,2024-04-03,19:30,Brentford,0.6,0–0,1.1,Brighton,17024.0,Gtech Community Stadium,Andy Madley,2324,0,0
333,31,Wed,2024-04-03,20:15,Manchester City,3.4,4–1,0.8,Aston Villa,53422.0,Etihad Stadium,Darren England,2324,4,1
334,31,Thu,2024-04-04,19:30,Liverpool,1.8,3–1,0.6,Sheffield Utd,60055.0,Anfield,Stuart Attwell,2324,3,1
335,31,Thu,2024-04-04,20:15,Chelsea,3.0,4–3,1.5,Manchester Utd,39694.0,Stamford Bridge,Jarred Gillett,2324,4,3
337,32,Sat,2024-04-06,12:30,Crystal Palace,1.1,2–4,1.9,Manchester City,25132.0,Selhurst Park,Paul Tierney,2324,2,4
338,32,Sat,2024-04-06,15:00,Luton Town,1.5,2–1,0.4,Bournemouth,11797.0,Kenilworth Road Stadium,Andy Madley,2324,2,1
339,32,Sat,2024-04-06,15:00,Wolves,1.5,1–2,1.2,West Ham,31504.0,Molineux Stadium,Tony Harrington,2324,1,2
340,32,Sat,2024-04-06,15:00,Fulham,1.2,0–1,1.0,Newcastle Utd,24418.0,Craven Cottage,Samuel Allison,2324,0,1
341,32,Sat,2024-04-06,15:00,Everton,0.9,1–0,0.5,Burnley,39125.0,Goodison Park,Michael Oliver,2324,1,0
342,32,Sat,2024-04-06,15:00,Aston Villa,1.5,3–3,1.5,Brentford,42118.0,Villa Park,Michael Salisbury,2324,3,3
343,32,Sat,2024-04-06,17:30,Brighton,0.5,0–3,3.4,Arsenal,31677.0,The American Express Community Stadium,John Brooks,2324,0,3
344,32,Sun,2024-04-07,15:30,Manchester Utd,0.7,2–2,3.6,Liverpool,73501.0,Old Trafford,Anthony Taylor,2324,2,2
345,32,Sun,2024-04-07,17:30,Sheffield Utd,1.4,2–2,0.3,Chelsea,28638.0,Bramall Lane,Robert Jones,2324,2,2
346,32,Sun,2024-04-07,18:00,Tottenham,1.5,3–1,1.5,Nott'ham Forest,61098.0,Tottenham Hotspur Stadium,Simon Hooper,2324,3,1
348,33,Sat,2024-04-13,12:30,Newcastle Utd,2.8,4–0,0.8,Tottenham,52147.0,St James' Park,Tim Robinson,2324,4,0
349,33,Sat,2024-04-13,15:00,Manchester City,4.2,5–1,0.5,Luton Town,52149.0,Etihad Stadium,John Brooks,2324,5,1
350,33,Sat,2024-04-13,15:00,Nott'ham Forest,1.9,2–2,1.0,Wolves,29604.0,The City Ground,Craig Pawson,2324,2,2
351,33,Sat,2024-04-13,15:00,Brentford,1.0,2–0,0.8,Sheffield Utd,17115.0,Gtech Community Stadium,Samuel Barrott,2324,2,0
352,33,Sat,2024-04-13,15:00,Burnley,1.7,1–1,0.9,Brighton,20687.0,Turf Moor,Simon Hooper,2324,1,1
353,33,Sat,2024-04-13,17:30,Bournemouth,1.6,2–2,1.2,Manchester Utd,11229.0,Vitality Stadium,Tony Harrington,2324,2,2
354,33,Sun,2024-04-14,14:00,Liverpool,2.7,0–1,2.0,Crystal Palace,60090.0,Anfield,Chris Kavanagh,2324,0,1
355,33,Sun,2024-04-14,14:00,West Ham,0.9,0–2,3.2,Fulham,62459.0,London Stadium,Stuart Attwell,2324,0,2
356,33,Sun,2024-04-14,16:30,Arsenal,1.6,0–2,0.9,Aston Villa,60350.0,Emirates Stadium,David Coote,2324,0,2
357,33,Mon,2024-04-15,20:00,Chelsea,3.1,6–0,1.5,Everton,39392.0,Stamford Bridge,Paul Tierney,2324,6,0
359,34,Sat,2024-04-20,15:00,Luton Town,0.6,1–5,3.1,Brentford,11877.0,Kenilworth Road Stadium,Jarred Gillett,2324,1,5
360,34,Sat,2024-04-20,15:00,Sheffield Utd,2.4,1–4,2.2,Burnley,28964.0,Bramall Lane,Andy Madley,2324,1,4
361,34,Sat,2024-04-20,19:30,Wolves,0.2,0–2,1.2,Arsenal,31621.0,Molineux Stadium,Paul Tierney,2324,0,2
362,34,Sun,2024-04-21,13:30,Everton,0.3,2–0,0.9,Nott'ham Forest,39239.0,Goodison Park,Anthony Taylor,2324,2,0
363,34,Sun,2024-04-21,15:00,Aston Villa,2.4,3–1,1.8,Bournemouth,42189.0,Villa Park,Tim Robinson,2324,3,1
364,34,Sun,2024-04-21,15:00,Crystal Palace,2.4,5–2,1.3,West Ham,25145.0,Selhurst Park,Graham Scott,2324,5,2
365,34,Sun,2024-04-21,16:30,Fulham,0.8,1–3,1.0,Liverpool,24414.0,Craven Cottage,Craig Pawson,2324,1,3
367,29,Tue,2024-04-23,20:00,Arsenal,3.3,5–0,1.6,Chelsea,60238.0,Emirates Stadium,Simon Hooper,2324,5,0
368,29,Wed,2024-04-24,19:45,Wolves,0.5,0–1,1.9,Bournemouth,25541.0,Molineux Stadium,Stuart Attwell,2324,0,1
369,29,Wed,2024-04-24,20:00,Manchester Utd,2.9,4–2,0.8,Sheffield Utd,73549.0,Old Trafford,Michael Salisbury,2324,4,2
370,29,Wed,2024-04-24,20:00,Everton,1.2,2–0,2.1,Liverpool,38222.0,Goodison Park,Andy Madley,2324,2,0
371,29,Wed,2024-04-24,20:00,Crystal Palace,0.9,2–0,0.4,Newcastle Utd,25002.0,Selhurst Park,Thomas Bramall,2324,2,0
372,29,Thu,2024-04-25,20:00,Brighton,0.6,0–4,1.4,Manchester City,31596.0,The American Express Community Stadium,Jarred Gillett,2324,0,4
374,35,Sat,2024-04-27,12:30,West Ham,0.7,2–2,1.7,Liverpool,62474.0,London Stadium,Anthony Taylor,2324,2,2
375,35,Sat,2024-04-27,15:00,Wolves,1.2,2–1,0.6,Luton Town,31531.0,Molineux Stadium,David Coote,2324,2,1
376,35,Sat,2024-04-27,15:00,Fulham,1.1,1–1,1.0,Crystal Palace,24142.0,Craven Cottage,Stuart Attwell,2324,1,1
377,35,Sat,2024-04-27,15:00,Manchester Utd,2.7,1–1,2.1,Burnley,73571.0,Old Trafford,John Brooks,2324,1,1
378,35,Sat,2024-04-27,15:00,Newcastle Utd,3.1,5–1,1.5,Sheffield Utd,52196.0,St James' Park,Tony Harrington,2324,5,1
379,35,Sat,2024-04-27,17:30,Everton,0.8,1–0,0.9,Brentford,39098.0,Goodison Park,Darren England,2324,1,0
380,35,Sat,2024-04-27,20:00,Aston Villa,1.1,2–2,1.6,Chelsea,42354.0,Villa Park,Craig Pawson,2324,2,2
381,35,Sun,2024-04-28,14:00,Tottenham,2.3,2–3,1.0,Arsenal,61554.0,Tottenham Hotspur Stadium,Michael Oliver,2324,2,3
382,35,Sun,2024-04-28,14:00,Bournemouth,1.9,3–0,0.9,Brighton,11188.0,Vitality Stadium,Paul Tierney,2324,3,0
383,35,Sun,2024-04-28,16:30,Nott'ham Forest,1.9,0–2,0.9,Manchester City,29677.0,The City Ground,Simon Hooper,2324,0,2
385,26,Thu,2024-05-02,19:30,Chelsea,2.2,2–0,1.6,Tottenham,39086.0,Stamford Bridge,Robert Jones,2324,2,0
387,36,Fri,2024-05-03,20:00,Luton Town,0.8,1–1,1.4,Everton,11873.0,Kenilworth Road Stadium,Tim Robinson,2324,1,1
388,36,Sat,2024-05-04,12:30,Arsenal,3.3,3–0,0.5,Bournemouth,60348.0,Emirates Stadium,David Coote,2324,3,0
389,36,Sat,2024-05-04,15:00,Burnley,1.0,1–4,3.4,Newcastle Utd,21781.0,Turf Moor,Anthony Taylor,2324,1,4
390,36,Sat,2024-05-04,15:00,Sheffield Utd,2.2,1–3,1.5,Nott'ham Forest,28516.0,Bramall Lane,Chris Kavanagh,2324,1,3
391,36,Sat,2024-05-04,15:00,Brentford,0.6,0–0,1.3,Fulham,17090.0,Gtech Community Stadium,Graham Scott,2324,0,0
392,36,Sat,2024-05-04,17:30,Manchester City,3.7,5–1,0.3,Wolves,52439.0,Etihad Stadium,Craig Pawson,2324,5,1
393,36,Sun,2024-05-05,14:00,Brighton,2.5,1–0,0.1,Aston Villa,31596.0,The American Express Community Stadium,Robert Jones,2324,1,0
394,36,Sun,2024-05-05,14:00,Chelsea,4.1,5–0,0.9,West Ham,39295.0,Stamford Bridge,Andy Madley,2324,5,0
395,36,Sun,2024-05-05,16:30,Liverpool,3.3,4–2,1.2,Tottenham,60075.0,Anfield,Paul Tierney,2324,4,2
396,36,Mon,2024-05-06,20:00,Crystal Palace,1.7,4–0,0.4,Manchester Utd,25190.0,Selhurst Park,Jarred Gillett,2324,4,0
398,37,Sat,2024-05-11,12:30,Fulham,0.1,0–4,3.2,Manchester City,24418.0,Craven Cottage,Anthony Taylor,2324,0,4
399,37,Sat,2024-05-11,15:00,Wolves,1.6,1–3,2.6,Crystal Palace,31424.0,Molineux Stadium,Thomas Bramall,2324,1,3
400,37,Sat,2024-05-11,15:00,West Ham,3.2,3–1,0.3,Luton Town,62475.0,London Stadium,Michael Oliver,2324,3,1
401,37,Sat,2024-05-11,15:00,Tottenham,2.7,2–1,0.7,Burnley,61148.0,Tottenham Hotspur Stadium,Jarred Gillett,2324,2,1
402,37,Sat,2024-05-11,15:00,Everton,2.3,1–0,0.6,Sheffield Utd,39221.0,Goodison Park,Stuart Attwell,2324,1,0
403,37,Sat,2024-05-11,15:00,Newcastle Utd,2.2,1–1,1.4,Brighton,51997.0,St James' Park,Darren England,2324,1,1
404,37,Sat,2024-05-11,15:00,Bournemouth,0.7,1–2,1.1,Brentford,11154.0,Vitality Stadium,Matt Donohue,2324,1,2
405,37,Sat,2024-05-11,17:30,Nott'ham Forest,1.5,2–3,1.6,Chelsea,29708.0,The City Ground,Tony Harrington,2324,2,3
406,37,Sun,2024-05-12,16:30,Manchester Utd,0.5,0–1,1.5,Arsenal,73600.0,Old Trafford,Paul Tierney,2324,0,1
407,37,Mon,2024-05-13,20:00,Aston Villa,3.1,3–3,1.7,Liverpool,42241.0,Villa Park,Simon Hooper,2324,3,3
409,34,Tue,2024-05-14,20:00,Tottenham,1.7,0–2,2.4,Manchester City,61065.0,Tottenham Hotspur Stadium,Chris Kavanagh,2324,0,2
410,34,Wed,2024-05-15,19:45,Brighton,1.3,1–2,1.5,Chelsea,31555.0,The American Express Community Stadium,Michael Salisbury,2324,1,2
411,34,Wed,2024-05-15,20:00,Manchester Utd,1.4,3–2,2.3,Newcastle Utd,73582.0,Old Trafford,Robert Jones,2324,3,2
413,38,Sun,2024-05-19,16:00,Luton Town,2.0,2–4,1.1,Fulham,12027.0,Kenilworth Road Stadium,Matt Donohue,2324,2,4
414,38,Sun,2024-05-19,16:00,Sheffield Utd,1.0,0–3,3.1,Tottenham,29116.0,Bramall Lane,Andy Madley,2324,0,3
415,38,Sun,2024-05-19,16:00,Manchester City,1.9,3–1,0.4,West Ham,55097.0,Etihad Stadium,John Brooks,2324,3,1
416,38,Sun,2024-05-19,16:00,Arsenal,2.9,2–1,0.6,Everton,60312.0,Emirates Stadium,Michael Oliver,2324,2,1
417,38,Sun,2024-05-19,16:00,Brighton,1.7,0–2,1.3,Manchester Utd,31662.0,The American Express Community Stadium,Craig Pawson,2324,0,2
418,38,Sun,2024-05-19,16:00,Brentford,1.1,2–4,3.4,Newcastle Utd,17124.0,Gtech Community Stadium,Simon Hooper,2324,2,4
419,38,Sun,2024-05-19,16:00,Chelsea,1.1,2–1,2.2,Bournemouth,39724.0,Stamford Bridge,Anthony Taylor,2324,2,1
420,38,Sun,2024-05-19,16:00,Crystal Palace,2.5,5–0,0.9,Aston Villa,25191.0,Selhurst Park,Darren Bond,2324,5,0
421,38,Sun,2024-05-19,16:00,Liverpool,4.5,2–0,0.5,Wolves,60059.0,Anfield,Chris Kavanagh,2324,2,0
422,38,Sun,2024-05-19,16:00,Burnley,1.2,1–2,1.7,Nott'ham Forest,21109.0,Turf Moor,Graham Scott,2324,1,2
